process,p0,eps,pi,N,terminal_pnl_pc,terminal_pnl_pc_se,terminal_pnl_marked_pc,terminal_pnl_marked_pc_se,spread_capture_pc,spread_capture_pc_se,adverse_selection_pc,adverse_selection_pc_se,settlement_drift_pc,settlement_drift_pc_se,settlement_draw_pc,settlement_draw_pc_se,contracts,contracts_se,fills_BUY,fills_BUY_se,fills_SELL,fills_SELL_se,informed_share,informed_share_se,bid_clipped_steps,bid_clipped_steps_se,ask_clipped_steps,ask_clipped_steps_se,estimate_clipped_steps,estimate_clipped_steps_se,terminal_inventory,terminal_inventory_se,markout_0_INFORMED,markout_0_INFORMED_se,markout_10_INFORMED,markout_10_INFORMED_se,markout_50_INFORMED,markout_50_INFORMED_se,markout_settle_INFORMED,markout_settle_INFORMED_se,markout_0_VALUE,markout_0_VALUE_se,markout_10_VALUE,markout_10_VALUE_se,markout_50_VALUE,markout_50_VALUE_se,markout_settle_VALUE,markout_settle_VALUE_se,markout_0_NOISE,markout_0_NOISE_se,markout_10_NOISE,markout_10_NOISE_se,markout_50_NOISE,markout_50_NOISE_se,markout_settle_NOISE,markout_settle_NOISE_se
additive,0.2,-0.1,0.0,2000,-0.046316720303835976,0.0037695846163898006,-0.04858291753552506,0.001671761042046782,0.017963377877433948,3.7957327067816755e-05,-0.037846304446945304,0.00015161630006111322,-0.02869999096601373,0.0016599296199217603,0.0022661972316890713,0.003379513459265875,784.518,0.724665721698013,536.2435,0.6849486704969999,248.2745,0.33276409188105427,0.0,0.0,468.657,8.47737229901153,0.0,0.0,396.007,7.450650177637838,-287.969,0.7966384599791545,,,,,,,,,-0.07907186566971884,0.0002103312045112571,-0.07928841472588084,0.0002468028693038776,-0.0813561635466958,0.00038097391947234895,-0.14827619630398967,0.009661291406539915,0.017931411483423282,0.00010853019765421521,0.017874349694745256,0.00011560213844587368,0.017696096572904902,0.00013653348964094968,0.01851214339711266,0.0005211075060181536
additive,0.2,-0.1,0.1,2000,-0.0699439919032831,0.005177452116044278,-0.07251711614601924,0.002288641284022413,0.018017956803554565,3.703911063577537e-05,-0.051984900602581645,0.00017698761320715493,-0.03855017234699224,0.00227372792724947,0.002573124242736159,0.0046490103242277404,884.5465,1.0152712971311606,665.683,0.9948379801773761,218.8635,0.3148205677365044,0.18005314452290122,0.0003556389902134683,468.657,8.47737229901153,0.0,0.0,396.007,7.450650177637838,-446.8195,1.0709124084481811,-0.0829576252889288,0.0001822123184520007,-0.08282122479797596,0.00023633220257203867,-0.084215378304872,0.00039603841920849016,-0.1510952456848143,0.01009376610895461,-0.0791225752328544,0.0002107219156068638,-0.07930674127094754,0.0002471563176747737,-0.08133611259240019,0.00037846835875125263,-0.1482802084763898,0.009651571941112606,0.01775533837366878,0.00011440306436795329,0.017713473453789267,0.00012279739028082205,0.017729782210656665,0.0001477713377416549,0.017683620666255208,0.0005660312381932741
additive,0.2,-0.1,0.2,2000,-0.08871799032873691,0.006286345602845012,-0.09180275483622188,0.002770414846664491,0.018063195738283334,3.6213706891575535e-05,-0.06307208863432492,0.0001887187485518635,-0.04679386194018041,0.0027544897182766918,0.0030847645074849554,0.005649107518417439,984.248,1.3199859580558924,794.549,1.2907487422646704,189.699,0.28844635575800753,0.32386534329274375,0.00044655889800064997,468.657,8.47737229901153,0.0,0.0,396.007,7.450650177637838,-604.85,1.3251808563932228,-0.08296836557407469,0.00017363414562015914,-0.08281862691346785,0.00022175790790481085,-0.08410953415119962,0.000375965530264098,-0.1514806418707282,0.010096217258779353,-0.07908921730613148,0.00021032998504743277,-0.07930229371805783,0.00024708849316540534,-0.0814179788991802,0.00037865041043663023,-0.14833390729999424,0.009654511572921761,0.017910021583441498,0.00012206120967865884,0.01780552786070442,0.00012994967278562715,0.017854808129467742,0.00015873293047047064,0.017488722106565945,0.0005876292375818565
additive,0.2,-0.1,0.4,2000,-0.11646751382872998,0.007946853795929985,-0.12020573397179893,0.003497684006955582,0.01812947716403067,3.5104451374078455e-05,-0.07968435838887174,0.00020387096467121082,-0.05865085274695799,0.0034818935989317547,0.0037382201430689213,0.007136166955919186,1184.5105,1.9782461105008788,1052.7415,1.951339591659019,131.769,0.2552026326115111,0.5386624239017911,0.00044128200037901294,468.657,8.47737229901153,0.0,0.0,396.007,7.450650177637838,-920.9725,1.9576137253359793,-0.08300753551257317,0.00016953098252227782,-0.08287906128899027,0.0002149227420690839,-0.0842053528732121,0.00036724416402832594,-0.15183301184944864,0.01010204134175909,-0.07907129246101074,0.00021262248207345338,-0.07926444714637981,0.00024994388234435706,-0.08130337491421073,0.00038186939877856254,-0.1482694677323907,0.009654095206619884,0.01792356809050445,0.00014922936319835983,0.017938106024738384,0.00015749951578766214,0.01788494593036574,0.00019481579861189868,0.018600649089854038,0.0007465502199994005
additive,0.2,-0.05,0.0,2000,-0.01958716134977788,0.002459233514647564,-0.020981759010906098,0.001096004974530337,0.018780262304285124,2.4678471702656573e-05,-0.020431231833682586,7.859916670044178e-05,-0.019330789481508643,0.0010915774963417863,0.0013945976611282093,0.0021991138962874,726.8965,0.5861852953420426,449.921,0.5030854072257331,276.9755,0.3535129921131561,0.0,0.0,290.014,5.753347321751256,0.0,0.0,223.2035,4.5628749662744355,-172.9455,0.6422768286629361,,,,,,,,,-0.04119801069956442,0.00011074062966493146,-0.04149789505537063,0.00013789853934245472,-0.043413458707612755,0.0002409261497545423,-0.09503435146836646,0.0071674016741960596,0.018785176273975464,7.13693855870774e-05,0.01873305728238344,8.160677920580733e-05,0.018555260634374973,0.00010948661900078439,0.019365908187664843,0.0005109068754938427
additive,0.2,-0.05,0.1,2000,-0.036368907510501924,0.0035523515619299605,-0.03817912298063292,0.0015743917301183935,0.018803030063275508,2.4231695989667756e-05,-0.029963725079722787,9.218571560632454e-05,-0.027018427964185673,0.0015681831016180652,0.0018102154701309736,0.0031862789736603917,781.936,0.7355851376607426,526.1135,0.6679123163306341,255.8225,0.34190195282810804,0.14618987472358067,0.00033646913376914213,290.014,5.753347321751256,0.0,0.0,223.2035,4.5628749662744355,-270.291,0.7648020139619667,-0.05515963890914939,0.00010867814302272662,-0.055051483450732165,0.00016183635467067063,-0.056168391671689716,0.00030959894740281295,-0.11218584457767443,0.008604038275511415,-0.04116636209864183,0.00011159242173717104,-0.041409472895504604,0.0001391401985269755,-0.04339353569093183,0.00023932341977881674,-0.09466283975471697,0.0071540304113852995,0.01864701244890206,7.548066671923793e-05,0.01860008323304507,8.716357062355068e-05,0.018628099793212897,0.00011778464260070927,0.01857529474148849,0.0005535432058345781
additive,0.2,-0.05,0.2,2000,-0.051024720325950984,0.004485626359529929,-0.0533339641866402,0.001975612154698443,0.0188212678267647,2.37536378466478e-05,-0.03809562779227455,9.935371347791806e-05,-0.03405960422113041,0.0019690187487389757,0.0023092438606892034,0.004033431537753105,836.5475,0.9064533637895348,601.467,0.8353549332063683,235.0805,0.31719207947652367,0.27409356319806666,0.00043410038556146305,290.014,5.753347321751256,0.0,0.0,223.2035,4.5628749662744355,-366.3865,0.8804542343042892,-0.05514894385826368,9.610166515330381e-05,-0.05504050805778794,0.00014145687268322411,-0.05615687578434561,0.00027973969108881523,-0.11297506049994586,0.008597977548122417,-0.04112221439281164,0.00011189148517578238,-0.04136059432166331,0.00013964505057329347,-0.0432606942749759,0.00023838360829407686,-0.09443786325628173,0.007128622023601603,0.018774930083086082,8.024190498432812e-05,0.01867197729693762,9.229049055819553e-05,0.018732814876315788,0.00012680508529822583,0.01835363060621053,0.000577157905188909
additive,0.2,-0.05,0.4,2000,-0.07496879007549775,0.006048986496615709,-0.07786000822999692,0.0026569747829870527,0.018851637147765266,2.3203969115761257e-05,-0.051631107420988136,0.00010963899773950737,-0.04508053795677408,0.0026506440468946693,0.0028912181544991345,0.005432264818454938,946.916,1.2774405658188563,753.6905,1.2194289066215185,193.2255,0.3074940668949367,0.48430066455253096,0.00047116468062649683,290.014,5.753347321751256,0.0,0.0,223.2035,4.5628749662744355,-560.465,1.237442733931506,-0.05522134247202936,8.865409108819326e-05,-0.055113490239521924,0.00012842247754473346,-0.05630906418779691,0.0002607963071060975,-0.1134127626544457,0.00859690286916999,-0.04111617336067283,0.00011532115860965131,-0.041373848022241005,0.00014388102921000006,-0.04323440577907729,0.00024262798480389087,-0.09484303104596849,0.0071565535649253794,0.0187616875973695,9.711049556941941e-05,0.01877311528235645,0.00010946649068098065,0.018724702008531127,0.00015580998523973783,0.019438768596719096,0.000732495524500505
additive,0.2,-0.02,0.0,2000,-0.0028791632181091147,0.001137840963715801,-0.0036159910078433465,0.000525454051845118,0.019229463417510303,1.6226896903554576e-05,-0.013864319075439429,5.143057687025621e-05,-0.008981135349914219,0.0005225997522828785,0.0007368277897342284,0.001004998564126946,702.5195,0.5193049669503939,387.875,0.4126776452868021,314.6445,0.37802646981519755,0.0,0.0,191.9015,3.976995680937823,14.6685,0.8386494919572659,135.203,2.8705105488232325,-73.2305,0.5972738508435228,,,,,,,,,-0.024501620790500583,7.129828266079305e-05,-0.024739226396290205,9.579347647080725e-05,-0.02595703695905038,0.00016652955557151675,-0.0518263300512626,0.0034386486783278113,0.01924738317012673,5.499601809958231e-05,0.01919793581262223,6.776459223590444e-05,0.01901935801729728,9.955596693229184e-05,0.019828115083816104,0.0005054728125380467
additive,0.2,-0.02,0.1,2000,-0.013237495583575289,0.0016367044790204335,-0.01398615333555729,0.0007382170863691205,0.019244812683852728,1.58981203830616e-05,-0.021093311571533185,5.724662132295665e-05,-0.01213765444787683,0.0007350032598200911,0.0007486577519819963,0.0014591033306272352,733.41,0.5802799431362444,423.5815,0.4819552046452473,309.8285,0.3700628556523429,0.12395249803261313,0.0002992172135178498,191.9015,3.976995680937823,14.6685,0.8386494919572659,135.203,2.8705105488232325,-113.753,0.6338216313997299,-0.042916109481565316,8.23869496528686e-05,-0.04273413410642156,0.00013346024928832895,-0.0426890140993287,0.00024730582824973845,-0.06969257766758986,0.004580688331632843,-0.02452558335693451,7.33755993392094e-05,-0.024698363359490313,9.699935400900752e-05,-0.02593329263200227,0.0001638881665785032,-0.051330341520729704,0.0034337246623114773,0.01911748005554408,5.8765119262839585e-05,0.019067282714472326,7.267330924422256e-05,0.019101280785314024,0.00010603138332681058,0.0190457623481305,0.0005465089204518706
additive,0.2,-0.02,0.2,2000,-0.022719450593474612,0.0020848944987864972,-0.0238656042422577,0.0009284622361456804,0.019258342142316948,1.5457597591250205e-05,-0.02759708105452699,6.045867076654481e-05,-0.015526865330047655,0.0009252160936717312,0.0011461536487830765,0.0018718327115329234,764.6985,0.6680388737516865,458.828,0.5552430597744684,305.8705,0.3617503234597885,0.2380098780487694,0.0003884827963967389,191.9015,3.976995680937823,14.6685,0.8386494919572659,135.203,2.8705105488232325,-152.9575,0.6572977765507267,-0.04291671044172051,6.758630852856791e-05,-0.04273500550773196,0.00010653478225630615,-0.04295038505096237,0.000206396748516989,-0.07068999991563792,0.004535252876518585,-0.02448268261802839,7.152940553451667e-05,-0.024638317994641824,9.568555481717369e-05,-0.025787797978577387,0.00016476847927258267,-0.050770703386856825,0.0034219141777426503,0.019235152078364303,6.202554779831247e-05,0.01913307380579837,7.728674637595685e-05,0.01919930105161029,0.00011410180925400864,0.01881385260148875,0.0005714259715399354
additive,0.2,-0.02,0.4,2000,-0.039433594112443494,0.0029105769172471712,-0.04075705346390174,0.001284635755312251,0.0192786411437652,1.5011510769641852e-05,-0.03922785315306844,6.551292249725882e-05,-0.020807841454598502,0.0012807897624709471,0.001323459351458229,0.00261248860191698,828.4735,0.8500120052561256,531.1015,0.7394453925877891,297.372,0.379391324213462,0.4407650288950479,0.00044131307413676333,191.9015,3.976995680937823,14.6685,0.8386494919572659,135.203,2.8705105488232325,-233.7295,0.8117352535993295,-0.04292173507730009,5.5369704443518544e-05,-0.04267954862099798,8.675582010097163e-05,-0.04281750992647434,0.00017229534230662845,-0.07099982940804848,0.004496337324260745,-0.024474087728086624,7.573280451508232e-05,-0.024750561206179546,9.933308469821026e-05,-0.02580377658849447,0.00016701562311004909,-0.051530932196165835,0.0034592738904087096,0.019212130728388413,7.498468070730573e-05,0.01922140378811484,9.038281241347549e-05,0.019175874673226987,0.00014110583579015904,0.019889211727738006,0.0007254360530453422
additive,0.2,0.0,0.0,2000,0.006668090304938339,0.00041998199487103895,0.0065772845229985135,0.00023617948695835297,0.019401452458683202,1.051303384989073e-05,-0.01276144413640638,4.486689820885071e-05,-6.27237992783162e-05,0.00023407356519944734,9.080578193982533e-05,0.0003539687443392133,699.1555,0.49968790647456984,349.598,0.37881056838921706,349.5575,0.395114419601827,0.0,0.0,135.203,2.8705105488232325,22.5675,1.2663370509616778,102.7705,1.8248006366605583,-0.0405,0.5912171333142859,,,,,,,,,-0.02130128877963357,6.021333931241364e-05,-0.02128117042075587,8.389659870373847e-05,-0.021346271606202262,0.00013712190223180267,-0.022473112964244507,0.0007419809917692808,0.019414483231256417,5.070433551683927e-05,0.019367465786468644,6.443520713638747e-05,0.0191912377223063,9.724379384268854e-05,0.01999521514494579,0.000502415847740939
additive,0.2,0.0,0.1,2000,0.0009399885184500066,0.00040956704370827474,0.0010870778459007068,0.0002326933905130923,0.01942265116947901,1.0143283007014722e-05,-0.019543409409346645,4.564427583385018e-05,0.0012078360857683418,0.0002302143580391598,-0.00014708932745070028,0.00033573232970141373,725.648,0.5327564760107244,362.0425,0.41422051638360036,363.6055,0.3907214692184883,0.11961549204373027,0.0002852709316176475,135.203,2.8705105488232325,22.5675,1.2663370509616778,102.7705,1.8248006366605583,1.563,0.6038661628799346,-0.040400646153304985,7.041929160756652e-05,-0.04000796904417007,0.00011665423813817907,-0.03856151722363745,0.0002086301702093788,-0.03070282136864906,0.0012998338479292743,-0.02131488936318546,6.206561960992411e-05,-0.021297855683379333,8.481410446104167e-05,-0.021437252343446324,0.00014063153248732287,-0.021369971858186693,0.0007258488845060821,0.01928503265075514,5.4738297204322334e-05,0.0192334931985932,6.907538908215807e-05,0.019273302399000034,0.00010248715451411667,0.019213314943341574,0.0005419742724953224
additive,0.2,0.0,0.2,2000,-0.004318595035671152,0.00039858982811097495,-0.00448549815012027,0.00023784358126526317,0.019438272712365694,9.71014066087133e-06,-0.025731079555305906,4.6093491928610274e-05,0.0018073086928199363,0.00023325528957776867,0.00016690311444911876,0.00033778991705926594,753.0765,0.5854491431581502,374.0475,0.44661432360821796,379.029,0.39895132607912226,0.231107403740554,0.00036176403850720354,135.203,2.8705105488232325,22.5675,1.2663370509616778,102.7705,1.8248006366605583,4.9815,0.6119659549681011,-0.04038555445537976,5.221177506719422e-05,-0.03995067760871953,8.365379109371742e-05,-0.03894011050993606,0.00015221103692720554,-0.03146240232791624,0.0009701648901350398,-0.021307303153636686,5.967613837031344e-05,-0.021263351785777238,8.152968193140845e-05,-0.02121534111407003,0.00013838596824873603,-0.020733412067382245,0.0007378710667468838,0.01940174227595881,5.7642113667185895e-05,0.01930077228037497,7.38629866651436e-05,0.01937245580185033,0.00011013946576564712,0.018980442799083258,0.0005681279447541225
additive,0.2,0.0,0.4,2000,-0.013518732114089672,0.0004361306330082718,-0.013401823039714525,0.0002461716547755094,0.019468948325172725,9.113606178036566e-06,-0.036934246550143005,4.526990937816758e-05,0.004063475185255747,0.00024003409498403133,-0.00011690907437514725,0.0003648813970183012,808.197,0.6878198481955764,399.646,0.5365153924941871,408.551,0.43363719871576395,0.43145669601169445,0.00041212195332711207,135.203,2.8705105488232325,22.5675,1.2663370509616778,102.7705,1.8248006366605583,8.905,0.6918698066939382,-0.04041974260607925,3.827779939058073e-05,-0.0399425325387245,6.240994447607719e-05,-0.03871921814853144,0.00011137418361710405,-0.03139288905422165,0.0007699475883884395,-0.021305865433835763,6.252632405395075e-05,-0.0213454168077674,8.461678442244294e-05,-0.021122115320978383,0.0001410071611013026,-0.02166332082227391,0.0007455040583566911,0.019365612233823833,7.025108821230411e-05,0.019373862189176572,8.628724066410566e-05,0.019332057996005632,0.00013693546805937086,0.020042693233173422,0.0007211439908060901
additive,0.2,0.02,0.0,2000,0.014931750525328144,0.0011812755490701596,0.015356356091611387,0.000540812478208182,0.0198705178890948,7.119669735770708e-06,-0.014618409871608999,4.755939770448063e-05,0.010104248074125589,0.0005402761625980227,-0.0004246055662832372,0.0010548672280102558,704.87,0.49681934818640683,314.4195,0.36328741892525634,390.4505,0.4049725623584042,0.0,0.0,88.102,1.9160793245554824,32.315,1.771032655213595,22.5675,1.2663370509616778,76.031,0.5874790083846795,,,,,,,,,-0.026047957342393246,6.546971681793046e-05,-0.025639218975648574,8.848696213481059e-05,-0.024041395848707972,0.00015305466259372716,0.00339815931338769,0.003499162477110764,0.019924951962098952,5.4178321591180107e-05,0.019880143778953283,6.746114889630366e-05,0.01970535038036586,9.898263411642257e-05,0.020505683875788328,0.0004993132215263984
additive,0.2,0.02,0.1,2000,0.012990396545635404,0.001726011933963985,0.013899304592317214,0.0007762244685144158,0.019874867278912765,6.864833089660476e-06,-0.022180253004080133,4.693811448442002e-05,0.01620469031748457,0.0007749432699011751,-0.0009089080466818009,0.001544824768867559,738.02,0.5139074337127383,308.346,0.3797660505186888,429.674,0.4143189497187499,0.12619291953121284,0.0002834282036539286,88.102,1.9160793245554824,32.315,1.771032655213595,22.5675,1.2663370509616778,121.328,0.6063530654824877,-0.04458067597581095,7.203666159152355e-05,-0.043808518801318246,0.00011626484019715544,-0.04048538317189639,0.0002226237911378459,0.004933764773740266,0.0051509671584597455,-0.025998144176041738,6.553877393783713e-05,-0.025595131536067406,8.879239996491312e-05,-0.02409405933750017,0.0001535618246154726,0.004606884457298619,0.003509984665537737,0.019790242498598242,5.8772855276390894e-05,0.019737748857584378,7.181548347120249e-05,0.01978284738911617,0.00010319399037077963,0.01971852479118467,0.0005376910253173853
additive,0.2,0.02,0.2,2000,0.011486573119045954,0.002260331595742369,0.012369645945190017,0.0010186440744612026,0.01987472884764857,6.780400457207464e-06,-0.029009082837244436,4.652525151479951e-05,0.02150399993478588,0.0010152926690378931,-0.0008830728261440541,0.002019771574352853,772.1045,0.571152254065115,301.9455,0.40486136051198784,470.159,0.4363411008352744,0.24167459270313316,0.00036282857004505206,88.102,1.9160793245554824,32.315,1.771032655213595,22.5675,1.2663370509616778,168.2135,0.6183830994649286,-0.04463769798251618,5.5289607674078766e-05,-0.04382303120144761,8.614455093005534e-05,-0.040694920423639216,0.00017169305930878154,0.005325244216136043,0.005112034689244386,-0.02601073059174527,6.390699744794966e-05,-0.025560769591124428,8.596897497704359e-05,-0.023876732303339948,0.0001539031208172704,0.0047505421452938455,0.003529085812913555,0.019912522956282812,6.174358121816451e-05,0.019812482601775025,7.694016466250198e-05,0.019888311376937994,0.00011028496788882354,0.019491223479407255,0.0005649267906455272
additive,0.2,0.02,0.4,2000,0.00939825762672848,0.0031995379527036847,0.010560799533265552,0.0014385210571369084,0.019879674330391246,6.466018571613009e-06,-0.0410524796453031,4.4156501727719255e-05,0.031733604848177416,0.0014357272326115382,-0.001162541906537062,0.0028565110990283146,839.116,0.6658967496846792,289.85,0.4642122321721489,549.266,0.5033992723611217,0.44525729219179905,0.0004024697244842082,88.102,1.9160793245554824,32.315,1.771032655213595,22.5675,1.2663370509616778,259.416,0.703128129563376,-0.044653863637530974,3.991358040777696e-05,-0.0437685236528027,6.547536876126209e-05,-0.040596296092662236,0.00013749057975197184,0.00511191156997835,0.005089729597658684,-0.025997987044801472,6.369763997650125e-05,-0.025655481282435687,8.683315059974235e-05,-0.023839738869018003,0.00015151012517947723,0.00532756494106308,0.0035127743178514394,0.019862229419616507,7.656178764999639e-05,0.0198688977807697,9.109075107775013e-05,0.019830861853324718,0.00013804888960917925,0.020539310418966096,0.0007170189772225665
additive,0.2,0.05,0.0,2000,0.02136609825306604,0.0026120067205803892,0.02237758345143904,0.0011660567719940938,0.01979480002453302,1.0930044438333539e-05,-0.022653997045762608,6.196700116570464e-05,0.025236780472668644,0.0011646828861938063,-0.0010114851983729905,0.0023373247868257994,739.98,0.5022887087855814,276.9195,0.3394578408106726,463.0605,0.45106002643630966,0.0,0.0,0.0,0.0,49.177,2.601800533958984,37.645,2.0427462871577684,186.141,0.6205478219280524,,,,,,,,,-0.04471304410418682,7.471026542968646e-05,-0.04351446592795783,9.924287815360946e-05,-0.039395253633537096,0.00019025215632221583,0.02423389640726389,0.00733581831807896,0.019844804475492184,7.148560923419525e-05,0.01980214401638222,8.180628406760899e-05,0.01962739987233886,0.00010855157257617103,0.02042553638918156,0.0004962528136357331
additive,0.2,0.05,0.1,2000,0.02211475398763579,0.0037527640312103906,0.023941028639067444,0.0016774882953615425,0.019800964539581214,1.058228609196408e-05,-0.03289290504437351,6.257832577920469e-05,0.03703296914385974,0.0016736136876933875,-0.0018262746514316355,0.003357760809862457,803.277,0.5352717939950913,255.037,0.3410989442154174,548.24,0.5207583841354103,0.15359239099783023,0.00029345353140000635,0.0,0.0,49.177,2.601800533958984,37.645,2.0427462871577684,293.203,0.6989704395306491,-0.05805809014286639,7.850303898881477e-05,-0.05657885384749576,0.0001215968378787385,-0.05108375413279451,0.00025311582909417,0.027361001263740324,0.008949136827392347,-0.04464297739643038,7.460914708964246e-05,-0.04339188810109012,9.901876024635131e-05,-0.03931114212404023,0.00018917575836168612,0.02506098842560948,0.007334310903341741,0.019711613658285932,7.759769938682114e-05,0.019657013682714056,8.714343129642829e-05,0.019706923098540854,0.00011233583935876556,0.019639895950872358,0.0005329399305101239
additive,0.2,0.05,0.2,2000,0.022680279304334833,0.00474859846198867,0.02497675179492497,0.0021272267776243576,0.019801541406893074,1.0445984445945173e-05,-0.04156149190058883,6.152833617240995e-05,0.046736702288620736,0.0021205613704667545,-0.0022964724905901158,0.004248688187434367,867.195,0.5901941647255062,232.8625,0.33833494076295245,634.3325,0.5866481482967025,0.2843104276159502,0.0003676325630678988,0.0,0.0,49.177,2.601800533958984,37.645,2.0427462871577684,401.47,0.7542705164634257,-0.058084189492628314,6.136861679767787e-05,-0.056586858460026944,9.397965258933919e-05,-0.05131681416070091,0.00021185757622664154,0.027427703317056087,0.008939656690060915,-0.044678934388820264,7.496081912671615e-05,-0.043439901077652374,9.994936636748559e-05,-0.03914117002920561,0.00019520857885691985,0.024489247728510823,0.007342267926219672,0.019842259388249652,8.114427857643309e-05,0.01974313801971584,9.305264781866041e-05,0.019822119786756714,0.00011957483060688331,0.0194209599113741,0.0005620130316669302
additive,0.2,0.05,0.4,2000,0.024856425336042043,0.006355645008307026,0.027534917558532577,0.00284965961561308,0.019809344043202694,9.986102400264436e-06,-0.05559263483450916,5.9746957221602736e-05,0.06331820834983916,0.002843678288745621,-0.0026784922224905054,0.005676408821888975,993.554,0.7206331924766229,189.2845,0.34132686957071734,804.2695,0.7711966720808086,0.49650248084717014,0.00038549986575632923,0.0,0.0,49.177,2.601800533958984,37.645,2.0427462871577684,614.985,0.9503601842143167,-0.05813073458500378,4.7466049311250195e-05,-0.05657449179001037,7.544734764805775e-05,-0.0512624877899002,0.0001913506522503528,0.027394511658303783,0.008925406546691831,-0.04468886624628504,7.706918261813123e-05,-0.04354239587282909,9.9429678682011e-05,-0.039181967434486153,0.0001875396915113866,0.02535791757729219,0.007343962781850015,0.019770252550491613,0.00010210638215316781,0.019772747699999926,0.00011299757834911283,0.019738744033015627,0.0001512698659882662,0.020447333549841205,0.0007131860050937375
additive,0.2,0.1,0.0,2000,0.01241227352874311,0.003981806895555501,0.014084551607698228,0.0017792535735671171,0.019651066761016772,1.742707911804452e-05,-0.0435752345464156,0.00010136987573158577,0.03800871939309705,0.0017731230280898902,-0.001672278078955101,0.0035596851616036605,807.8355,0.5463396044189716,248.051,0.3228998787021031,559.7845,0.5140964670796054,0.0,0.0,0.0,0.0,81.748,4.040095039967003,68.3435,3.4747165469165555,311.7335,0.6622930279736087,,,,,,,,,-0.08765270006296558,0.00010767167865756338,-0.08622922754813847,0.00013731577307848325,-0.08104489252385147,0.0002626649682931022,0.002350307945350849,0.009754094152226157,0.01968784478167627,0.00011305737974543337,0.019648646093985575,0.00011975120921916939,0.01947499466522406,0.00013876913906868632,0.020268576695365643,0.0004950078189720421
additive,0.2,0.1,0.1,2000,0.010099939596911573,0.005394483818776666,0.012784930881934465,0.0024112924276314574,0.01966386687212224,1.6779847798146776e-05,-0.058958561355830566,0.00010283390705546566,0.052079625365642895,0.00239999515976025,-0.0026849912850228654,0.004823976178971935,921.9985,0.6480761917013501,218.8075,0.30869705021169974,703.191,0.6435373568526014,0.18875675429519348,0.0003005550513449703,0.0,0.0,81.748,4.040095039967003,68.3435,3.4747165469165555,484.3835,0.773864100923637,-0.08988147520541341,0.00010172708333852668,-0.0883981150351699,0.00014124027003342235,-0.08269921821468339,0.0002847627574825882,0.004953055447265303,0.010191399213999535,-0.08764631495433776,0.00010494014255395477,-0.08620614511063361,0.00013492147131009152,-0.08093118862655413,0.00025956591182870554,0.002725323643094155,0.009747399180358267,0.019556064222694614,0.000122479448534356,0.019498590744265187,0.00012790845810832247,0.019556779371294172,0.00014383472816790525,0.019484346515281047,0.000529185783637563
additive,0.2,0.1,0.2,2000,0.0084985484505878,0.006512339166102938,0.011564996122249328,0.0029169697772046953,0.019669550679124615,1.6416401403030948e-05,-0.07087170459741739,0.00010254635313101884,0.06276715004054247,0.0029015302887533323,-0.0030664476716615015,0.005823174214903563,1036.7305,0.7566450229271054,189.4465,0.28958763677803534,847.284,0.7585854585667817,0.3359858626540519,0.0003520927850371517,0.0,0.0,81.748,4.040095039967003,68.3435,3.4747165469165555,657.8375,0.8637789670552087,-0.08984927003297476,8.818001178188451e-05,-0.08835490073802646,0.0001223407660567692,-0.08274707275002602,0.00025739677477690394,0.004892185575785952,0.010184277018879934,-0.08767174182427946,0.00010814212072869852,-0.08623996146970576,0.0001389483032092851,-0.08090492244188849,0.00026791936807220415,0.0027111738598961333,0.009752823892584157,0.019698894830661895,0.0001282067394919245,0.019600809992584935,0.0001360672042422415,0.01968647318357971,0.00015237761799923236,0.019277595353786346,0.0005614339936939796
additive,0.2,0.1,0.4,2000,0.00719139554160075,0.008141060449704534,0.010626090100552097,0.003650750642667193,0.019685875352235146,1.5588475045050054e-05,-0.0882290687099777,9.979333536358911e-05,0.07916928345829519,0.0036358807399102856,-0.0034346945589513156,0.007268384599021953,1265.4525,1.025770185817494,131.213,0.24972283885965268,1134.2395,1.0470741387318285,0.5506851674365373,0.00034990338725108037,0.0,0.0,81.748,4.040095039967003,68.3435,3.4747165469165555,1003.0265,1.1248319974050316,-0.0899083197928873,7.80882927633778e-05,-0.08837490314006671,0.00011044402536148944,-0.08271386772678854,0.00024631848720405817,0.0052071441473051415,0.01018718310725325,-0.08764138204398882,0.00011023382511028442,-0.08623918122456402,0.00014027282942475171,-0.08082995412742221,0.0002626362595658384,0.0029828421850620463,0.009744976563562303,0.019585822435087757,0.00016223202875850735,0.01958188632667172,0.00016882805096282924,0.019556508429730474,0.00019425352557445543,0.02026290343443735,0.0007121199991018682
additive,0.5,-0.1,0.0,2000,-0.014913978590403708,0.003916121148082838,-0.018294543703851963,0.0017572236511766935,0.019173426269991564,2.7706474574711054e-05,-0.041797420675031435,0.00012432658995451418,0.004329450701187929,0.0017525064917564635,0.003380565113448237,0.0034865437853757613,800.404,0.6210714587536922,551.7375,0.5837081072353082,248.6665,0.33398939104658076,0.0,0.0,191.9755,6.336224847851934,0.0,0.0,161.1955,5.4860880161309264,-303.071,0.7202765987378353,,,,,,,,,-0.08508736826191511,0.00015223187456654647,-0.08464366058607736,0.0001866121096096048,-0.08339951999223137,0.0003211321990248421,-0.06589022362652747,0.00975111572402344,0.019215132415782273,0.00011404843659601728,0.019176646675038433,0.00012032822702348327,0.019031797409654636,0.00013986328039593355,0.019240860287198822,0.0005050562140774053
additive,0.5,-0.1,0.1,2000,-0.02682464941092607,0.005354447576128447,-0.03112435360027178,0.0024014871057991606,0.019200104607314587,2.677128267447749e-05,-0.05686367139524123,0.00013639212794673897,0.006539213187654791,0.002394102280112481,0.004299704189345682,0.004771650361923488,909.8875,0.8077670862989242,690.695,0.7949638175638044,219.1925,0.31585060182994457,0.18568558939195345,0.0003202353153051166,191.9755,6.336224847851934,0.0,0.0,161.1955,5.4860880161309264,-471.5025,0.9005389953333824,-0.08788096214710268,0.00013585908553644593,-0.08726631657616894,0.00018389660162795,-0.08560253014640716,0.00033719547438555936,-0.06518875161830727,0.010213255547473984,-0.08513077314018455,0.00015273859549339776,-0.08467068565692781,0.00018721646968098885,-0.08344654006074992,0.000318965586288551,-0.06568953747396453,0.009748232012721632,0.01900994754854751,0.00012223461098452522,0.018979856419383156,0.00012980740092700423,0.01898994650876103,0.00015195990927686012,0.018618577520669977,0.000542108994219727
additive,0.5,-0.1,0.2,2000,-0.03602746936035244,0.006474248547603037,-0.04140012905486519,0.0029013978660457863,0.019219562436782522,2.6120517947219426e-05,-0.0685397011802962,0.0001397575450625019,0.007920009688648333,0.0028934437011227084,0.0053726596945127165,0.005766958147131249,1019.468,1.0110955172843643,829.4645,0.990133350564938,190.0035,0.28953783855478626,0.33189857945529416,0.0003857144428436847,191.9755,6.336224847851934,0.0,0.0,161.1955,5.4860880161309264,-639.461,1.0517025618678122,-0.08792768707710316,0.00012419184084662142,-0.0873071207380948,0.00016643235427438513,-0.08553669374872268,0.00031494221715982384,-0.06571239620182547,0.01021228280327735,-0.08507074988532387,0.00015163774945110004,-0.08464185252314005,0.0001856008352884405,-0.08349264806458709,0.00031800779865493036,-0.06572510248465246,0.009745559909965852,0.0191309132510872,0.00012871087174171544,0.019032713551718896,0.00013640532456486677,0.019117531754610853,0.00016225864690950077,0.018360001380045284,0.0005817943758925462
additive,0.5,-0.1,0.4,2000,-0.049380294930233264,0.008117142943430307,-0.056235972633972044,0.0036407058244854506,0.01925092172278827,2.5065555332150705e-05,-0.08571738451540208,0.0001458890790116934,0.010230490158641782,0.0036330455719916486,0.0068556777037387506,0.007229933688248789,1238.6795,1.4696490479148476,1106.6545,1.456313836324415,132.025,0.25587286484010124,0.5464365180616721,0.0003760274799986128,191.9755,6.336224847851934,0.0,0.0,161.1955,5.4860880161309264,-974.6295,1.4875394117890834,-0.08797454823142033,0.00011855132185583362,-0.08737024402931345,0.00015736596007994965,-0.08566160586365368,0.000304465188284131,-0.06594743568194646,0.010210213744458815,-0.0850875943056198,0.0001543155259186181,-0.08462123085577053,0.00018909147082393245,-0.08345690542873865,0.00032076818703544624,-0.06573989996291828,0.00974538808291298,0.019154321990483055,0.00015764924416827107,0.01917689127032727,0.0001654287196544361,0.01914197736317795,0.0002004900426351381,0.019267162606394432,0.0007249797730155334
additive,0.5,-0.05,0.0,2000,0.0021189948091967182,0.0025457284229114816,0.00017890741421484,0.0011448798676529871,0.01951081043430299,1.7519423584192105e-05,-0.02202775836458368,6.996933830640641e-05,0.0026958553444955315,0.001143656411356049,0.0019400873949818682,0.002264778745850142,736.197,0.5353539926522678,458.207,0.466410060646569,277.99,0.35302870227832206,0.0,0.0,116.9955,4.153076602051334,0.0,0.0,89.6395,3.2597175719990834,-180.217,0.6306594335777276,,,,,,,,,-0.04378707517804548,8.942222782422319e-05,-0.04347933859439364,0.00011560817213587913,-0.04256763230315647,0.00021729278307839253,-0.03044069576170195,0.007254759711419619,0.0195626139179559,7.312700785788961e-05,0.019527195411888017,8.302257144240562e-05,0.019375682959971156,0.0001102707683158576,0.019588341789372445,0.0005005257856330101
additive,0.5,-0.05,0.1,2000,-0.005162463667199755,0.0036854599935775977,-0.008023792850316415,0.001654642191240856,0.019522022270241402,1.7109942853531484e-05,-0.03211059833359558,7.489173665315067e-05,0.004564783213037696,0.0016514671539807778,0.0028613291831166452,0.003284013804361863,796.934,0.6237137415639549,540.3745,0.5781870588421244,256.5595,0.34408491261394225,0.15075667741764315,0.00031165674068264233,116.9955,4.153076602051334,0.0,0.0,89.6395,3.2597175719990834,-283.815,0.7185892935372703,-0.05739993369413213,8.941998788619703e-05,-0.0567887454178337,0.00013660676811507927,-0.055103585164221085,0.0002761773687105449,-0.036345115549845854,0.00881489709287547,-0.04377518290488687,8.870730571139125e-05,-0.04340418228365377,0.00011475672950431101,-0.042618609167636934,0.00021381371521740592,-0.02982928610666722,0.007253120209381733,0.019390035771770495,7.840837436736434e-05,0.019352936249067223,8.955137029761988e-05,0.019368222740676972,0.00011888049054292242,0.018998665743892963,0.0005350728826931991
additive,0.5,-0.05,0.2,2000,-0.011511448138236832,0.004648710621635292,-0.015275324269426536,0.002079966189600737,0.01952991917769257,1.672630929924027e-05,-0.040608360647630876,7.732313438795133e-05,0.0058031172005117105,0.0020763412756138666,0.0037638761311896865,0.004145079794951507,857.465,0.7234815825576695,621.884,0.6872615486247642,235.581,0.3203318993838757,0.2811552013467309,0.0003871825090848087,116.9955,4.153076602051334,0.0,0.0,89.6395,3.2597175719990834,-386.303,0.7914899390780852,-0.05742376847999219,7.485942402126041e-05,-0.05683254014227438,0.00011458900092515741,-0.05514570649006622,0.0002451393281564621,-0.0370743181863143,0.008798334308755458,-0.04367999966231833,8.989046179277879e-05,-0.0433198126977902,0.00011529003029151329,-0.042468362821007744,0.00021520326762527558,-0.029839850423106495,0.007219575410402713,0.019504254664913952,8.251564560842515e-05,0.019406129133392028,9.438050748286332e-05,0.019492781494551175,0.00012729376188053753,0.018733342793872034,0.000577575213634118
additive,0.5,-0.05,0.4,2000,-0.02143510077171592,0.006240976574307943,-0.02670299667402639,0.0027945075377983444,0.01954470080668593,1.617774294831208e-05,-0.054550746568145035,8.050277645446146e-05,0.008303049087432776,0.002791714164857658,0.005267895902310443,0.005561012893935962,979.1985,0.965873700272162,786.07,0.9573208874984502,193.1285,0.3162926088010769,0.4921722374253396,0.00041250649882978985,116.9955,4.153076602051334,0.0,0.0,89.6395,3.2597175719990834,-592.9415,1.0488548932853314,-0.05750108159031548,6.418878532739165e-05,-0.056905845456902575,9.781782322866257e-05,-0.05533380371133914,0.00022293361718026225,-0.03730248967347203,0.00879753031740888,-0.04371260832323718,9.268712044036958e-05,-0.04335811768954415,0.00011977634306626142,-0.042481064353755246,0.00021827040176047939,-0.029980124463903437,0.007248438173869026,0.019491476897388834,0.00010048963603588838,0.01950891959831934,0.00011258627675312643,0.019471904624892924,0.00015792187854888302,0.019604317513300214,0.0007177702068270181
additive,0.5,-0.02,0.0,2000,0.006478569452136636,0.001167424449426329,0.005750064002623836,0.0005362750679986558,0.019692268083761833,1.1371780482952305e-05,-0.014526353955094726,4.935700577914104e-05,0.0005841498739567399,0.0005357863720899694,0.0007285054495127956,0.0010301898716259582,706.8605,0.49391851314140056,390.9425,0.3995584066631155,315.918,0.37618798053413294,0.0,0.0,76.9795,2.8284043161052272,37.799,1.4002380629080213,54.1065,2.0257118089801223,-75.0245,0.5986427452523095,,,,,,,,,-0.02563997690545627,6.636818900769732e-05,-0.02558996906983744,9.182044071971396e-05,-0.025464232906153888,0.0001631712510444922,-0.021619408339483705,0.0034796227417091775,0.019748008611355516,5.543022234049133e-05,0.019714352839914028,6.842036339449097e-05,0.019558634700675762,0.00010061411095369463,0.019773736482772065,0.0004997850191984314
additive,0.5,-0.02,0.1,2000,0.0005877216482725371,0.0017008691820892077,-0.00047835564467067174,0.0007704590733141721,0.01969938450646897,1.1124716630191892e-05,-0.022043430007595972,5.0835101981746504e-05,0.0018656898564563481,0.0007686154327210866,0.0010660772929432028,0.001512234270611068,740.1855,0.53153909713293,429.5785,0.44176633826471196,310.607,0.3740243609864278,0.12620139758039695,0.0002869559949055637,76.9795,2.8284043161052272,37.799,1.4002380629080213,54.1065,2.0257118089801223,-118.9715,0.6225509044964473,-0.04418544043845556,7.635732487585425e-05,-0.04383466510857832,0.00012455968817980763,-0.04256833955503887,0.00023349366026355792,-0.03171236381819361,0.004878529747480618,-0.02565005778244978,6.726628191071301e-05,-0.025526800712721037,9.091874555962956e-05,-0.025465028152267487,0.00016009727225389832,-0.020562132663028098,0.0034804569500715803,0.019587779964682462,5.968522504522184e-05,0.01954682386834658,7.352118751769705e-05,0.019564974539042494,0.00010705597733977894,0.019196409936804937,0.0005330618146076022
additive,0.5,-0.02,0.2,2000,-0.004981148116199323,0.0021947976340397626,-0.006547697564486141,0.0009837778687416606,0.019704956452521304,1.0815678638688686e-05,-0.02876301424214313,5.140951466562219e-05,0.0025103602251356893,0.0009815976586019298,0.0015665494482868087,0.0019549467084944206,773.955,0.5855108017359497,467.8605,0.48613905980463434,306.0945,0.36983059934395035,0.24170288862455983,0.0003665178096547828,76.9795,2.8284043161052272,37.799,1.4002380629080213,54.1065,2.0257118089801223,-161.766,0.6351289761994835,-0.04420654856865546,5.943677560843706e-05,-0.043878319462802136,9.515694102296704e-05,-0.04283872142163598,0.00018991679654170343,-0.032246356201606693,0.004847613793549712,-0.025582074500432293,6.554978170032776e-05,-0.02546255182955519,8.962291309185663e-05,-0.02530948966155828,0.00016089730057888574,-0.020651981903839246,0.00346295310465199,0.019702599761472758,6.255945355323166e-05,0.019604588406174645,7.783217353295097e-05,0.019691723673052955,0.00011453647458260272,0.01893168789043084,0.000577012518836448
additive,0.5,-0.02,0.4,2000,-0.014039349419198271,0.0030768487258082257,-0.016739346036415206,0.0013788414992873049,0.019714346442397186,1.0416577428762775e-05,-0.04069098619519903,5.231593643304753e-05,0.004237293716386607,0.001377340261698218,0.0026999966172169226,0.002738545240823549,842.9645,0.698412492643094,546.3465,0.5960069890869739,296.618,0.4072240829406623,0.445430634208239,0.0004133100006832887,76.9795,2.8284043161052272,37.799,1.4002380629080213,54.1065,2.0257118089801223,-249.7285,0.7445344583394562,-0.04418566336213993,4.496934832169506e-05,-0.04377222207881857,7.309295826028656e-05,-0.04265780751259501,0.0001534657121373664,-0.03186862251002939,0.004791111575537808,-0.02559061253331916,6.988226395484254e-05,-0.025591441272657882,9.288644081149598e-05,-0.025360880035089805,0.00016185252755866175,-0.020577401411277115,0.0035041372552073774,0.019675773270409088,7.65754574046166e-05,0.019689684697922174,9.214800705041783e-05,0.019652445774138893,0.0001432438697810989,0.019788613886320465,0.0007162952982350165
additive,0.5,0.0,0.0,2000,0.006139024251333502,0.00041662993608943357,0.0064394036662684916,0.0002229764429408013,0.019576303601022513,9.10364075082932e-06,-0.012982708656292441,4.468600899716065e-05,-0.00015419127846158422,0.00022043441542551087,-0.00030037941493499,0.0003529837016847737,701.7085,0.4888187145996677,350.905,0.37486764380936843,350.8035,0.3925691010822964,0.0,0.0,54.1065,2.0257118089801223,57.926,2.110195897390259,72.9305,1.5819687567865315,-0.1015,0.5918857687566312,,,,,,,,,-0.021558555795556086,6.003679913212744e-05,-0.02153669018346691,8.490750759371968e-05,-0.021545604998012117,0.00013947336504320135,-0.023009379089250628,0.0007339510403614755,0.019613431914989748,5.0895315061582393e-05,0.01958136669464698,6.533443909414576e-05,0.019425293945581432,9.93674757031329e-05,0.019639159786406298,0.0005003779530115045
additive,0.5,0.0,0.1,2000,0.00017985155870366268,0.00040383491797860914,0.000509540359199208,0.00021827223777930936,0.019591175119719622,8.718752604829015e-06,-0.01986211344240238,4.459694737893745e-05,0.0007804786818819602,0.00021489592305123998,-0.00032968880049554514,0.0003380615012872405,729.431,0.5167689469891608,365.106,0.3991911306371795,364.325,0.3959603260301402,0.12062236363161745,0.00028230757187015993,54.1065,2.0257118089801223,57.926,2.110195897390259,72.9305,1.5819687567865315,-0.781,0.6043394183455876,-0.04072627984148352,6.9149131715178e-05,-0.04046977584549625,0.00011568031650947228,-0.03946533846294218,0.00020781299447616497,-0.03512768276128599,0.0012658127597909182,-0.021543002074531345,6.058167267293583e-05,-0.021514822307784655,8.437782231579333e-05,-0.02161579342691575,0.00014253986397947334,-0.021427576594162702,0.000719115791772669,0.019456163507163025,5.5076064792341827e-05,0.019413367537100747,6.97058404428347e-05,0.019434341085745478,0.00010437913384878431,0.019064793479285497,0.0005325802071930789
additive,0.5,0.0,0.2,2000,-0.00588423699878487,0.0003974640650025717,-0.0056734719825971515,0.00021772238506339632,0.01960253649138499,8.38254754243196e-06,-0.02611107792196021,4.4498835011568624e-05,0.0008350694479780702,0.00021230998898419574,-0.00021076501618771948,0.00033401468441035667,758.102,0.5560318189562949,378.9235,0.4160136506820142,379.1785,0.41001021092349726,0.23279772017977837,0.0003566102192696783,54.1065,2.0257118089801223,57.926,2.110195897390259,72.9305,1.5819687567865315,0.255,0.6108846679519542,-0.040709005518135055,5.04982364776216e-05,-0.0404150121225877,8.239476956817337e-05,-0.039766566310702106,0.0001504786416423566,-0.03624839768756786,0.0009092169308018783,-0.021529274328392155,5.943155714239851e-05,-0.02147720668893828,8.161946310061762e-05,-0.02144576335872816,0.0001408584044958067,-0.02162015937186831,0.0007236032822953556,0.019578927992876204,5.769916226171276e-05,0.01948127477711514,7.426667918351697e-05,0.01957027786133222,0.00011129554600661042,0.018808016121834286,0.0005772890107049356
additive,0.5,0.0,0.4,2000,-0.015312921602289363,0.00040617154774709506,-0.015462559225483698,0.00022254402043012808,0.019625123450865728,7.801459497158403e-06,-0.03739628298049003,4.337347802779565e-05,0.002308600304140608,0.00021680200738725025,0.00014963762319433616,0.0003420144165681844,815.867,0.6356297413463612,408.291,0.4681241604690014,407.576,0.46749854485840103,0.4336188751483387,0.0004090584085672469,54.1065,2.0257118089801223,57.926,2.110195897390259,72.9305,1.5819687567865315,-0.715,0.6865603178417883,-0.04073384909057455,3.6380599470826095e-05,-0.04039568479448225,6.0816019897482535e-05,-0.0395476452252058,0.00011010746447681486,-0.03508270665792405,0.0006702740983405707,-0.021542629182397185,6.207163316432896e-05,-0.02158264362133091,8.41010012015683e-05,-0.02135806113779234,0.00014167702804227916,-0.021544735111382465,0.0007142274319285767,0.01953238701288886,7.088902907502551e-05,0.019544048274309497,8.736358052473458e-05,0.019508076491744224,0.00013942547773267754,0.019645227628800235,0.0007160867575949534
additive,0.5,0.02,0.0,2000,0.0037761439213317306,0.0011705751665271268,0.005012014339224356,0.0005408025689406558,0.019670825515198942,1.1913100772707749e-05,-0.014490195169443745,4.91980439883482e-05,-0.00016861600653085218,0.000537902947736196,-0.001235870417892621,0.0010371557004899272,706.52,0.4960860315261232,315.712,0.36084433252603265,390.808,0.40801078956591463,0.0,0.0,35.1315,1.3403015735382147,82.6435,2.9524553680327004,57.926,2.110195897390259,75.096,0.5892889976585178,,,,,,,,,-0.02558951106136384,6.84304836780027e-05,-0.025507208889525075,9.346889224548693e-05,-0.025317386435168947,0.00016171187899251884,-0.02970207928230279,0.0034606603826697374,0.019723176396513987,5.467811060012585e-05,0.019692230111746947,6.885951669504832e-05,0.019532823673544406,0.00010216110923761266,0.019748904267930537,0.0005013953979496392
additive,0.5,0.02,0.1,2000,-0.003327122654158094,0.001693523766642621,-0.0016207959072038832,0.0007668629995220835,0.0196784843077767,1.1525181343422428e-05,-0.0219955624087104,5.069278901210208e-05,0.0006962821937298085,0.0007643891880550135,-0.0017063267469542044,0.0015013910863307767,740.073,0.5192876518199391,311.0895,0.3646446595507323,428.9835,0.4364720699070038,0.12636501980215487,0.0002850851095923707,35.1315,1.3403015735382147,82.6435,2.9524553680327004,57.926,2.110195897390259,117.894,0.6142373529531409,-0.04405531939214963,7.60213801577545e-05,-0.04374293352496832,0.0001241735229012265,-0.04261723225286977,0.0002383982782711003,-0.042915612687038716,0.004880121075638135,-0.0255536805414535,6.774007966349063e-05,-0.0254645884687142,9.275631946039239e-05,-0.025360120279233962,0.00016063296910047819,-0.028053897396714798,0.0034711178386174595,0.019562336328721102,5.9228214598816374e-05,0.019517477582796025,7.283996383653954e-05,0.01953877513890666,0.00010629657396926891,0.019170966300843573,0.0005326873313535354
additive,0.5,0.02,0.2,2000,-0.010237842474093818,0.0021963511747651716,-0.008227777454525164,0.0009965087767965987,0.019681668957190465,1.1371332916688859e-05,-0.028735723514383017,5.259096558721687e-05,0.0008262771026673913,0.000992644407690886,-0.0020100650195686463,0.0019502399273905238,774.6325,0.5866296012131588,306.3055,0.378022532916619,468.327,0.47999399227105766,0.24195339276805275,0.00037070248918528314,35.1315,1.3403015735382147,82.6435,2.9524553680327004,57.926,2.110195897390259,162.0215,0.6343943938895577,-0.044112578579795586,6.0001186322075055e-05,-0.04375148210562354,9.463453867067016e-05,-0.042783923461946705,0.00019033462972016985,-0.04319787556319017,0.004828997972548559,-0.025540492082876953,6.762756792346327e-05,-0.025398309491378182,9.05342980803795e-05,-0.025180394504486708,0.00016144004725649868,-0.028388530234999973,0.0034880083355672588,0.019695104976661874,6.187109982766284e-05,0.019596873855043044,7.766278854325617e-05,0.019684908153643897,0.00011261542759194394,0.018924193105619956,0.0005782165919824195
additive,0.5,0.02,0.4,2000,-0.020930356405835526,0.0030684507910560504,-0.01861095758412724,0.001389041378585784,0.019692848440710984,1.0892788170888964e-05,-0.04063207906826932,5.353229168445075e-05,0.002328273043431086,0.001385267251595178,-0.0023193988217082673,0.002728634670591031,842.62,0.7005884755732519,297.3925,0.4043519161708715,545.2275,0.6009554439372348,0.445471765052188,0.0004142527573980976,35.1315,1.3403015735382147,82.6435,2.9524553680327004,57.926,2.110195897390259,247.835,0.7473095900038055,-0.04411518698769977,4.618573224245207e-05,-0.04369159666921449,7.550305523835145e-05,-0.04266720492149062,0.00015914456520770446,-0.04258535914949394,0.0048094408406882195,-0.025533318811036123,6.734803475176828e-05,-0.02551227928555039,9.098371761406796e-05,-0.025114281304282726,0.00015723056686747016,-0.027381701072850873,0.0034555005978759044,0.019629540504348342,7.693743063829103e-05,0.01963787678670549,9.217206021342397e-05,0.019600681498878666,0.00014165447879638506,0.01974238112025972,0.0007167395929840266
additive,0.5,0.05,0.0,2000,-0.0037736082690041643,0.0025538651332598496,-0.0015157371074991665,0.0011537114015645789,0.019477835386540892,1.8305046448272574e-05,-0.021941425510490647,6.910346175214508e-05,0.0009478530164506037,0.0011500076142623977,-0.0022578711615049876,0.002272130834405212,735.615,0.5319420726774131,277.853,0.3363841147205351,457.762,0.4703842138659918,0.0,0.0,0.0,0.0,125.0745,4.322938511425045,96.2345,3.4023362856977393,179.909,0.6211833818583272,,,,,,,,,-0.04363057131206837,9.151926683573392e-05,-0.043274883913213776,0.00012020218082075816,-0.042495111976976155,0.00021922099676804737,-0.046461024073137014,0.007244933944821038,0.019521153258994794,7.135374975926069e-05,0.01949216538552183,8.306266752439374e-05,0.019331982762242395,0.0001127294728979526,0.019546881130411347,0.0005042060093799829
additive,0.5,0.05,0.1,2000,-0.01355014960240488,0.0036836695190605576,-0.010403697999894239,0.0016585014421219898,0.01948920016724162,1.7794335397471992e-05,-0.031978094764821885,7.565121594656064e-05,0.0020851965976859885,0.0016534835585896668,-0.003146451602510627,0.0032764273252024125,796.0115,0.6155218253106195,256.775,0.3354391855815474,539.2365,0.5819360864213007,0.15120456634316984,0.0003099115771071601,0.0,0.0,125.0745,4.322938511425045,96.2345,3.4023362856977393,282.4615,0.7235129538385515,-0.05728937692287033,9.129229281804742e-05,-0.05671383612246998,0.00014131666443088265,-0.05499963581248525,0.00028766272781452143,-0.05732487471138837,0.00884154010884456,-0.04354851659208391,8.984091172877842e-05,-0.043136469884504904,0.00011753502511811795,-0.04239444461706954,0.00021611176468721687,-0.04514486679416119,0.00724886049583409,0.019356950628918495,7.745583033104621e-05,0.01930964626479627,8.79794089571474e-05,0.01933438618943799,0.00011662289274475553,0.018965580601040963,0.0005345500953976814
additive,0.5,0.05,0.2,2000,-0.022670698157710754,0.004667352410067687,-0.01841508581504769,0.0021039391287393113,0.019494930279553378,1.755069547014648e-05,-0.040492778117891905,7.996271812112085e-05,0.0025827620232908143,0.002097280471824931,-0.004255612342663041,0.0041530773482426914,857.168,0.731304513281282,235.4715,0.3286664033291792,621.6965,0.6954772017428552,0.28069078779741563,0.00039611890199718527,0.0,0.0,125.0745,4.322938511425045,96.2345,3.4023362856977393,386.225,0.8053657520016905,-0.05730034978452595,7.685055289749969e-05,-0.05671793870582803,0.00011663396646449977,-0.05523244751285284,0.0002500596810312623,-0.057471238404297034,0.008824759166643348,-0.04355568074638603,9.157776312446415e-05,-0.043145844719894605,0.00011900016460416676,-0.04220026142838681,0.00022134535706693555,-0.04617905973256146,0.00726464129293783,0.019503191639743726,8.05697981132891e-05,0.01940527125159673,9.348081104147609e-05,0.019495605881269695,0.00012291525416867024,0.018732279768701808,0.0005810879845803111
additive,0.5,0.05,0.4,2000,-0.03557153559241223,0.006243498920356523,-0.03059285486395342,0.00281569964216616,0.019511914420466004,1.6913939913217165e-05,-0.054392046943234476,8.387199062784299e-05,0.004287277658815386,0.0028088920821305726,-0.004978680728458784,0.005556238302798063,977.8145,0.9820413675088995,193.625,0.31760687108795543,784.1895,0.976499652155765,0.49242152381605486,0.00042482819324910707,0.0,0.0,125.0745,4.322938511425045,96.2345,3.4023362856977393,590.5645,1.0697878962422753,-0.05732841219701756,6.563823268531531e-05,-0.05666987469877696,0.00010110932339956724,-0.05511291514710914,0.00023343849002668347,-0.057193214697188556,0.008810073120443074,-0.04355724785685506,9.286090623376222e-05,-0.04325718423831405,0.00011927423668519776,-0.04220425664155735,0.00021417820689270434,-0.04495423703921191,0.007241255983707871,0.019412555468998463,0.00010134712371074242,0.019415266883150945,0.00011323940598634317,0.01938100597292995,0.0001554295344131795,0.019525396084909837,0.0007195552981724175
additive,0.5,0.1,0.0,2000,-0.02417841574197822,0.003933895173280994,-0.020730714153385572,0.0017756342991908849,0.019125296483105295,2.875937574797565e-05,-0.041616171072222104,0.00012507202292936278,0.0017601604357311428,0.0017672895023467187,-0.0034477015885926274,0.003497160798462662,799.501,0.6220184506720747,248.432,0.32201558194831,551.069,0.5869202306775507,0.0,0.0,0.0,0.0,203.1485,6.575325062208853,171.4175,5.70123180715663,302.637,0.7137449344238512,,,,,,,,,-0.08477622765863307,0.00015761296346878943,-0.08427927635468083,0.0001928851890804747,-0.08307059702458928,0.0003281461072580862,-0.087596693748671,0.009770741087742226,0.019132439842745447,0.00011139816402864023,0.01910647033179134,0.000119694959073614,0.018946339587274996,0.00014263336052352472,0.019158167714161997,0.0005118617159366495
additive,0.5,0.1,0.1,2000,-0.03910885184696943,0.005358588454158155,-0.0344263753809486,0.002413384492974833,0.019151972456331004,2.7844883019704018e-05,-0.056592058854140946,0.00013867962180806696,0.0030137110168615973,0.0024008953268971392,-0.004682476466020799,0.004766062134574157,908.295,0.8169490133081577,219.324,0.30744230741098905,688.971,0.8072099314532238,0.18549209949771947,0.000323607094912289,0.0,0.0,203.1485,6.575325062208853,171.4175,5.70123180715663,469.647,0.9081913902370194,-0.0877416258181841,0.00013912698208053655,-0.08713391675614189,0.00018815733576050102,-0.085438141108868,0.000348536548689379,-0.08894782529009632,0.010239889800297153,-0.08473425099305522,0.0001551129811243962,-0.08422540055900159,0.00019061018822735215,-0.08288657407085279,0.00032559780246711934,-0.08690086288220712,0.009769135617583654,0.018968971004617842,0.00012136054157579223,0.018918551284410702,0.00012794934055526916,0.01894891830322276,0.00014859742833363285,0.018577600976740313,0.0005414981442240016
additive,0.5,0.1,0.2,2000,-0.05120463079954317,0.006485922672023112,-0.04556638215941931,0.002924271815329971,0.019170626298532275,2.7221769109898855e-05,-0.06827354590941047,0.00014689778228470156,0.003536537451459587,0.0029096588883505167,-0.005638248640123834,0.005769268950351896,1017.614,1.0243943058446408,190.0645,0.28935796842655975,827.5495,1.0157234475662988,0.3313840284451795,0.0003902051488166672,0.0,0.0,203.1485,6.575325062208853,171.4175,5.70123180715663,637.485,1.0869501450429564,-0.0876983825945423,0.00013053136374932341,-0.08706434495646162,0.0001724633212311241,-0.0854389871714211,0.0003254277501346911,-0.08891493300062572,0.010230257114023486,-0.08479850086764347,0.00015842845911355176,-0.08429970771425531,0.0001932650269745488,-0.08290504229399934,0.00033181624554347896,-0.08726358426923628,0.009773712066201251,0.019130044372477274,0.00012619608720822897,0.01903214577524728,0.00013516978242923797,0.019127412835479203,0.00015581065363770764,0.018359132501435355,0.0005894720358528439
additive,0.5,0.1,0.4,2000,-0.06762794542962539,0.008126599729026419,-0.061016420119598236,0.0036662871462446013,0.019205581442865636,2.6047282413363223e-05,-0.08543297027201678,0.00015237108808366303,0.0052109687095540135,0.0036516223167790004,-0.006611525310027096,0.007229107609563747,1235.4275,1.4811217818739182,132.0815,0.24803263690386537,1103.346,1.4839142976672914,0.5461890053608531,0.000392207738836861,0.0,0.0,203.1485,6.575325062208853,171.4175,5.70123180715663,971.2645,1.5275214993054667,-0.08773880126545858,0.00012286484728167064,-0.08707388228583267,0.00016362139119913466,-0.0853806241949591,0.0003159644612024296,-0.08860444299834298,0.010227191386553954,-0.0847449016058913,0.00016006136257128048,-0.08427705211501584,0.00019551846660608972,-0.08279578181485961,0.0003278989980557639,-0.08685890356674514,0.009762064130795401,0.019001732358010465,0.00015946558624619373,0.01899564769579385,0.00016715045867440133,0.018968333992756582,0.00019757886225308502,0.019114572973921842,0.0007288806398717838
additive,0.8,-0.1,0.0,2000,0.0148781982228757,0.003966328579230213,0.014771988597084569,0.0017659646941082794,0.019692997285564572,1.6230651184837347e-05,-0.043710155764994825,0.00010140547491804826,0.03878914707651492,0.0017631102141067194,0.00010620962579111515,0.003512556712519144,808.355,0.543719415600961,560.027,0.5102845585213535,248.328,0.334584341146848,0.0,0.0,72.0405,3.762611932441622,0.0,0.0,60.151,3.246225745430398,-311.699,0.6701068729020433,,,,,,,,,-0.08789598926409523,0.00010329276743692785,-0.08652767876668528,0.00013240882142703548,-0.08134608393182476,0.00025494152383445965,0.008405577031037321,0.009743341409307972,0.019746642762051056,0.00011510570539051349,0.019710977761444797,0.00012047756510557315,0.01957682983983648,0.00013675421311746495,0.019461989425764537,0.0005003469868232343
additive,0.8,-0.1,0.1,2000,0.013524395766694059,0.0054086122487022135,0.013843509009727828,0.002407727128379214,0.019703326172364397,1.560011432681052e-05,-0.059180807625263045,0.00010113730518843422,0.053320990462626346,0.0024011351263237444,-0.000319113243033792,0.004790775290423442,923.1775,0.6355808196950109,704.4665,0.6305293192915323,218.711,0.31594722791221436,0.18884065225635668,0.0002992341281150357,72.0405,3.762611932441622,0.0,0.0,60.151,3.246225745430398,-485.7555,0.7686460617599815,-0.08995305555961405,9.794834506608827e-05,-0.08847075784607515,0.0001373418445531202,-0.08292666717056832,0.00027439525111798413,0.01206090249962714,0.010194811384235346,-0.08796416631916781,0.00010250202679337285,-0.08657852061076628,0.0001309451645800872,-0.0814618199960612,0.00025224509838299474,0.008303979347437714,0.009751430600315372,0.019560149602864372,0.00012264914890935285,0.01953853781263193,0.00012909676065549818,0.019555856523864275,0.00014760382037058527,0.01886695859928689,0.0005333360211511371
additive,0.8,-0.1,0.2,2000,0.0131221881298188,0.006525935629083268,0.013040936024168162,0.00290701048573236,0.019712433765819166,1.5078991865086997e-05,-0.07107219694439987,9.704941419559189e-05,0.06440069920274868,0.00289742273678807,8.125210565060837e-05,0.005777008445005094,1037.836,0.7506845646860129,848.451,0.7449626058682884,189.385,0.2902697293171972,0.3361775860187984,0.00035229218647842963,72.0405,3.762611932441622,0.0,0.0,60.151,3.246225745430398,-659.066,0.8455319533536689,-0.09002120381919002,8.263811771804515e-05,-0.08852456382790096,0.00011623308667545916,-0.08286672016954305,0.000248459197370889,0.011676632979207064,0.0101882993583839,-0.0878702447757062,0.00010162953748119314,-0.08652135870617034,0.00013092750737215018,-0.08146826968334965,0.00025315893480874475,0.008543518977541659,0.009746057671140024,0.0196775594178171,0.00013013854997461565,0.01958188439093896,0.0001367520675598015,0.01965453821235144,0.000158023262076212,0.018911824427161463,0.0005766344726969593
additive,0.8,-0.1,0.4,2000,0.012117088781535315,0.008148131276246877,0.011921677048310547,0.0036350429976544124,0.019725741776673026,1.4349977869148407e-05,-0.0884441798072134,9.323867891295553e-05,0.08064011507885119,0.0036248210358587685,0.0001954117332247378,0.007211106388504281,1267.3705,1.0257685974345,1136.1705,1.032367718610096,131.2,0.2562485739781451,0.5507207501598664,0.0003384909671494838,72.0405,3.762611932441622,0.0,0.0,60.151,3.246225745430398,-1004.9705,1.1003143463144307,-0.09007647673244916,7.343773277498019e-05,-0.08860471021165972,0.0001036868054163805,-0.08300154898858678,0.00023499130014933268,0.011448828296184916,0.010185778529911944,-0.08790351611898055,0.00010384413092291654,-0.08652052668798901,0.00013290429622759298,-0.08145844719295789,0.0002536686662648247,0.008315285724069596,0.009744405350358372,0.019659250107221516,0.00016094632740186978,0.019685956982614185,0.00016744590313565413,0.019675396407856857,0.0001961624758132481,0.019692622083695134,0.0007103254957067637
additive,0.8,-0.05,0.0,2000,0.022800329314587586,0.002598017760582025,0.02286702180949243,0.0011607804427254172,0.019818576798909113,1.027571876717779e-05,-0.02273733416858489,6.363799816417321e-05,0.025785779179168213,0.0011620703339482823,-6.669249490485152e-05,0.0022973822436553578,740.358,0.5040004228302855,463.278,0.44746952129306317,277.08,0.35490601451591347,0.0,0.0,43.495,2.4483800297104494,0.0,0.0,33.281,1.9213726488966067,-186.198,0.631156143152009,,,,,,,,,-0.04489101358355971,7.392124338470831e-05,-0.04375289786512368,9.69632028249878e-05,-0.039574686667832495,0.0001894492004230079,0.02885823736555124,0.007335388379459659,0.019875007370073246,7.326293133883653e-05,0.019842603070824406,8.234059562224662e-05,0.019700760508115558,0.00010729331569162986,0.019590354033786717,0.000503463516123241
additive,0.8,-0.05,0.1,2000,0.024493056000663857,0.003765704511283866,0.02476518779984842,0.0016772453495108816,0.019823206239964235,9.949269030458173e-06,-0.03301631091559912,6.213289618228163e-05,0.03795829247548322,0.0016752341678832091,-0.0002721317991845833,0.0033334056319379215,803.911,0.542808769439192,549.077,0.5171757640159124,254.834,0.3486115129961957,0.1529895504103817,0.00029588644243082205,43.495,2.4483800297104494,0.0,0.0,33.281,1.9213726488966067,-294.243,0.6952410773090072,-0.05816548559110916,7.816556619661332e-05,-0.05665946192909577,0.00011850964138388298,-0.051302353726552875,0.00024245577387105853,0.03421721332157863,0.00894787117542317,-0.044867106330767924,7.279411300109369e-05,-0.0436685721560639,9.534314331191436e-05,-0.03960498658537907,0.0001868484174312413,0.029290878504525785,0.007351660386911403,0.01971607736404037,7.797411772377972e-05,0.01968770718120952,8.812556454262571e-05,0.019708903168328348,0.0001147711191190728,0.019022886360462885,0.0005348920091940664
additive,0.8,-0.05,0.2,2000,0.0261406457367295,0.004753409494852736,0.02606708398878262,0.002112977200368622,0.019826861783807666,9.677811133303449e-06,-0.04164911315516507,6.016817735225768e-05,0.04788933536014001,0.0021087227975504583,7.356174794686022e-05,0.004208051802697409,867.095,0.5864613848992865,634.0415,0.5820685447353989,233.0535,0.32890942458341005,0.2844004433476105,0.00036038796140931283,43.495,2.4483800297104494,0.0,0.0,33.281,1.9213726488966067,-400.988,0.7416423967940081,-0.058212462680283766,6.030857641895448e-05,-0.05670668919396162,9.351861689491843e-05,-0.05135203578913227,0.00020854920774130946,0.03334402375839217,0.008931750988765091,-0.04475836525007525,7.359399218709232e-05,-0.04359886771505402,9.561350396272086e-05,-0.03947888264742609,0.00018825206453388038,0.029272666816155937,0.00732351828469639,0.01982194450141894,8.273420119762484e-05,0.019726004183268482,9.347876873829042e-05,0.019798743923687575,0.0001228384374418479,0.019056209510763304,0.0005808954416123792
additive,0.8,-0.05,0.4,2000,0.02885473952660289,0.006362489619246961,0.028592848034030012,0.0028348451324882234,0.019833088213869598,9.312447499517597e-06,-0.05571774320871023,5.712168199908517e-05,0.06447750302887084,0.0028304301505771862,0.00026189149257284773,0.0056256173654208996,994.4925,0.713731166451334,805.382,0.7584379685089863,189.1105,0.3387949761920127,0.49599035997237023,0.0003791658237848842,43.495,2.4483800297104494,0.0,0.0,33.281,1.9213726488966067,-616.2715,0.9330638766847568,-0.058271424288498935,4.7003434074310286e-05,-0.05677377607729308,7.36104930054864e-05,-0.051515179840349305,0.00018344034540974003,0.03329594548166886,0.008927685802655511,-0.04480188816928634,7.563897346466974e-05,-0.043625044102836824,9.916825791818468e-05,-0.03950355988605979,0.00018820806996833845,0.028945690460549765,0.007338245572763197,0.019795337690655303,0.00010183055324997779,0.019814964395054716,0.00011280848648326582,0.01980013551115994,0.00015316830362772254,0.019828709667128918,0.0007143758937831785
additive,0.8,-0.02,0.0,2000,0.01527580338502417,0.001176548184502426,0.015464409287722683,0.0005404717483420968,0.019886116539126517,6.668955758800448e-06,-0.01466093337782221,4.8232629196243936e-05,0.010239226126418397,0.0005427355373274901,-0.00018860590269851506,0.001025615699530521,705.2435,0.4976634790138534,390.551,0.3983007924428852,314.6925,0.3787059294036505,0.0,0.0,28.5105,1.6642335417590157,88.756,1.9749064179549976,19.974,1.1930508569099587,-75.8585,0.5970380776031408,,,,,,,,,-0.02611494268031222,6.332004957322057e-05,-0.02575014705961814,8.719883814650778e-05,-0.024233525250392515,0.0001548393011059929,0.0061057301795750295,0.0035162250627551596,0.019944190253177986,5.513901109746818e-05,0.019913762434755348,6.749971530969892e-05,0.019767830997218502,9.838559102851923e-05,0.01965953691689146,0.0005075603424307898
additive,0.8,-0.02,0.1,2000,0.01399450094715599,0.0017407883356386545,0.014471128175247473,0.0007824978628513711,0.01988829689853262,6.512494592667421e-06,-0.022236628824122535,4.721412054484145e-05,0.016819460100837434,0.0007821299094101252,-0.0004766272280914876,0.0015380991071294637,738.0885,0.5278836656472983,430.2305,0.42417761397685705,307.858,0.3848206874386308,0.1259494929687229,0.0002819199131484261,28.5105,1.6642335417590157,88.756,1.9749064179549976,19.974,1.1930508569099587,-122.3725,0.614301273726867,-0.04471349733087837,7.317307727007102e-05,-0.04388152942890021,0.00011789366601264888,-0.0405275262924406,0.00021840524341124265,0.008696828580196549,0.005164874775723305,-0.026117256978901986,6.42149485959102e-05,-0.02566309208117235,8.678124670122891e-05,-0.024160008571187098,0.0001524757482374634,0.007102699117084911,0.0035344020909330756,0.019795608254158756,5.901113077742824e-05,0.019763610684481344,7.222294715582094e-05,0.01978700833963701,0.00010404091857980052,0.01910241725058127,0.0005383126727201619
additive,0.8,-0.02,0.2,2000,0.012981263046342839,0.0022716226285517753,0.013036743940833333,0.0010108869113709903,0.019890742611604596,6.3281518083233865e-06,-0.029032113274978837,4.616307353345808e-05,0.022178114604207592,0.0010083825228187533,-5.5480894490503196e-05,0.0020052494377603737,771.4295,0.5733937609335654,469.6185,0.4503686210454844,301.811,0.39158946698721053,0.24136101769020507,0.0003613907293930289,28.5105,1.6642335417590157,88.756,1.9749064179549976,19.974,1.1930508569099587,-167.8075,0.6193286735473653,-0.0447368635243253,5.4972537651402005e-05,-0.04392837415773236,8.699124603099241e-05,-0.040830723310236204,0.00017151259359145997,0.008079868535109693,0.005127896400533179,-0.026030591785715592,6.241198277788754e-05,-0.02560948170061836,8.48119897774089e-05,-0.024021174762694178,0.00015237111082230575,0.0072409863818771614,0.003519413376051828,0.01990054585969064,6.218522911432667e-05,0.01980451852587001,7.663812068026153e-05,0.019876988963835513,0.00011104717395571432,0.019134810869035002,0.0005858316018862133
additive,0.8,-0.02,0.4,2000,0.011542555986833458,0.003218143745121124,0.011137874563925051,0.0014339552240978221,0.01989425216770327,6.067335855989994e-06,-0.04110566001288763,4.363131394265314e-05,0.032349282409109364,0.0014318435506941937,0.0004046814229083937,0.0028364522562892907,839.597,0.6694201649028726,550.2035,0.5058037787584264,289.3935,0.4626519775178212,0.44512362521798104,0.0004095133794397111,28.5105,1.6642335417590157,88.756,1.9749064179549976,19.974,1.1930508569099587,-260.81,0.7011742099052974,-0.04471219290489641,3.907346518382437e-05,-0.0438238820834752,6.31991602418516e-05,-0.040617884841888253,0.00013458819119753978,0.009021212530290902,0.005087429214500785,-0.0260371315791453,6.663929132806825e-05,-0.02571867362730447,8.817859071284177e-05,-0.024074432276461145,0.00015263248254220147,0.006815607508215403,0.0035556793892766387,0.01986630837985429,7.669547887388e-05,0.019881627792900175,9.174078253934136e-05,0.019865994805659593,0.00013958914349576548,0.0198996803563279,0.000720121362474586
additive,0.8,0.0,0.0,2000,0.0061460835653487055,0.0004245327198362872,0.006490130754268785,0.0002363730183989303,0.019408673999765255,1.0968451953770296e-05,-0.012783239996470769,4.532043005132456e-05,-0.0001353032490257033,0.00023504794952287038,-0.0003440471889200798,0.00035079239415551156,699.1425,0.49707005159544315,349.6475,0.37764921731769857,349.495,0.39421718772213343,0.0,0.0,19.974,1.1930508569099587,135.948,2.956761719843851,101.745,1.9022741156062268,-0.1525,0.5907398824180907,,,,,,,,,-0.021367164538837358,6.0372303991546234e-05,-0.021335951287986914,8.510840542623101e-05,-0.021388563620720943,0.00013797881517193578,-0.022242774928726717,0.0007443446572589701,0.019424923835966196,5.09303310761478e-05,0.019395263645313424,6.49644709658843e-05,0.019244553360827362,9.818596800265307e-05,0.019140270499679674,0.000511229094036263
additive,0.8,0.0,0.1,2000,0.0007048474630811593,0.000410434435622651,0.0012546113649929103,0.00023227999081903563,0.019427484785038186,1.051705009197368e-05,-0.01956234679701376,4.537022437884262e-05,0.0013894733769684812,0.00022985979589838296,-0.0005497639019117511,0.00033196404365197035,725.721,0.5342118218790348,364.443,0.39487952646371793,361.278,0.4113282794517517,0.11958690917886482,0.00028276820844832026,19.974,1.1930508569099587,135.948,2.956761719843851,101.745,1.9022741156062268,-3.165,0.6040358575106111,-0.0404075447896929,6.966976476396753e-05,-0.03999836898585568,0.00011704092300994178,-0.038632772008444956,0.00020813801250320758,-0.0312167934721736,0.001349889116921026,-0.0213312452830432,6.036769761794016e-05,-0.021292401652218386,8.430345235944998e-05,-0.021347137639236863,0.00014146733960415902,-0.02071395707999967,0.0007334361450907054,0.01927572168023781,5.509917893136368e-05,0.019240802051914897,6.914076554217443e-05,0.019262253880469298,0.0001024442121482019,0.018582530676660325,0.0005413204876686754
additive,0.8,0.0,0.2,2000,-0.004683783355373196,0.00041501163113937613,-0.0045894677359764255,0.0002323433303510172,0.019442972570193343,1.0172681757642741e-05,-0.025753665975350684,4.622367321322491e-05,0.0017212256691809121,0.0002273465716960047,-9.431561939677119e-05,0.0003384479077184701,753.211,0.584832244217894,378.842,0.4060676833752482,374.369,0.4400065026351095,0.23112028101610443,0.0003631342275802762,19.974,1.1930508569099587,135.948,2.956761719843851,101.745,1.9022741156062268,-4.473,0.6123435455762594,-0.040413366975362776,5.101737343706871e-05,-0.039960440517568016,8.332720695084119e-05,-0.03894970269012263,0.00015059669642260965,-0.032508370811473127,0.0010107498203681285,-0.021311018967110282,5.9760674417792964e-05,-0.02125494119062518,8.117513708666402e-05,-0.02117956471977949,0.00013880171219874277,-0.02068253275653895,0.0007389881155665662,0.019388550738744816,5.7450260860171714e-05,0.019291431475884892,7.326710774860418e-05,0.019360872654822562,0.00010886920138454171,0.018622815748089182,0.0005895272975346603
additive,0.8,0.0,0.4,2000,-0.013006642189243623,0.00044643826257250417,-0.013449949320228185,0.00025805174425327286,0.01947624050874182,9.430597005603766e-06,-0.03696686391456947,4.6002828750878244e-05,0.004040674085599457,0.0002516719763239295,0.00044330713098456243,0.0003658823910419482,808.426,0.6916056833272882,409.2975,0.43628278468111087,399.1285,0.5375360140103909,0.43143579473653737,0.00042622634501481813,19.974,1.1930508569099587,135.948,2.956761719843851,101.745,1.9022741156062268,-10.169,0.6930056622596686,-0.040445550138210905,3.8558642007551545e-05,-0.03997178321121728,6.343433334722903e-05,-0.03874007725179716,0.00011277573694912723,-0.030059454708524527,0.0007610207186348846,-0.0213217483590266,6.252296630018109e-05,-0.021332074671276572,8.390265999874816e-05,-0.021124811880554893,0.0001383455583166883,-0.021256204509496675,0.0007307317985946302,0.01934512735790326,7.052248129570873e-05,0.01935664778906839,8.683820048745563e-05,0.019337501091169253,0.00013682114960872818,0.019378499334376877,0.0007243857672224153
additive,0.8,0.02,0.0,2000,-0.0043290455027795004,0.001155574855860246,-0.004039158811834256,0.0005292269277701545,0.01922604200800575,1.667761109289108e-05,-0.013861730785751435,5.202598098213566e-05,-0.00940347003408859,0.0005250014884892811,-0.0002898866909452404,0.0010272196925021546,702.302,0.5176561425705006,314.481,0.36383720020653065,387.821,0.41945077062092434,0.0,0.0,12.989,0.7896522746484231,193.1555,4.09150147892568,135.948,2.956761719843851,73.34,0.5904786469604622,,,,,,,,,-0.02453312948061007,7.410532513243631e-05,-0.024726691682946934,9.911378453170842e-05,-0.02585912359714907,0.00016521791669004923,-0.05442007364734505,0.0034457399192409136,0.019249170067315042,5.445063232435997e-05,0.019220356139383166,6.836549137269525e-05,0.019064702646049807,0.00010156858282222749,0.018964516731028516,0.0005150443625192939
additive,0.8,0.02,0.1,2000,-0.014682095453043843,0.0016313695526560612,-0.014343796086192281,0.0007343414057813136,0.01924086435331493,1.6230909863319285e-05,-0.021082923585456482,5.6686273890385834e-05,-0.012501736854050741,0.0007302709014543906,-0.0003382993668515554,0.0014406495716581711,733.3635,0.573947638570724,310.363,0.36179561016099393,423.0005,0.47901197909139653,0.12416296247154321,0.00029491296771876394,12.989,0.7896522746484231,193.1555,4.09150147892568,135.948,2.956761719843851,112.6375,0.6255247297019794,-0.04281419689558106,8.28316763116142e-05,-0.04267352479825248,0.00013354496241166008,-0.04283134533898037,0.0002482004489073414,-0.07396453257454437,0.004632347865048858,-0.024480129620454375,7.283262177112783e-05,-0.024648670246831757,9.78360109845842e-05,-0.025779880763648712,0.00016577084036716,-0.05262831549406418,0.0034230882834815203,0.019095928248022566,5.919261656553893e-05,0.019058343480512847,7.236750714491209e-05,0.019077638008579166,0.00010499742075571691,0.018402737244445085,0.0005446642918549439
additive,0.8,0.02,0.2,2000,-0.024761583111283243,0.0020899249235920335,-0.024671072435373025,0.0009394059430818853,0.01925099187039848,1.596911727774413e-05,-0.02762628059720791,6.185001917029769e-05,-0.01629578370856359,0.0009348334593668987,-9.0510675910215e-05,0.0018578175102198491,765.567,0.6747179986400573,306.0735,0.37181402839437816,459.4935,0.5562289764225755,0.23835851794712665,0.000395302312534364,12.989,0.7896522746484231,193.1555,4.09150147892568,135.948,2.956761719843851,153.42,0.6633463003266683,-0.042900821219381755,6.771406983530652e-05,-0.04268745180696133,0.00010559906512363567,-0.0429951806316232,0.00020462491166899,-0.07468984757831544,0.004549405653726175,-0.024473900995122845,7.324591143999385e-05,-0.02461729050587563,9.583829666737528e-05,-0.02563597758094646,0.0001633006175223996,-0.053029195325187885,0.0034331002458524267,0.019217423121557053,6.122561735302162e-05,0.019118703553281574,7.648692241755114e-05,0.019184486288420174,0.00011085548471257858,0.018451688130901416,0.0005935215324802889
additive,0.8,0.02,0.4,2000,-0.040965397124553445,0.002897177761187962,-0.041335294266363704,0.0012911383414967899,0.019275296672863262,1.5344796213275576e-05,-0.03923638056151459,6.701975567627494e-05,-0.021374210377712425,0.00128570163977048,0.00036989714181026747,0.0025845251442307465,828.4665,0.8667228756335978,298.134,0.38230825494736626,530.3325,0.7528946786062024,0.4408969503602895,0.00045850529275112255,12.989,0.7896522746484231,193.1555,4.09150147892568,135.948,2.956761719843851,232.1985,0.8214690831688684,-0.042912664102933575,5.693548183720908e-05,-0.042664550273144045,8.831606382636879e-05,-0.04288935677075514,0.0001760006304506778,-0.07292157721565391,0.0045047622370164775,-0.02446001948556279,7.282800119428874e-05,-0.024673206444989753,9.667932431936635e-05,-0.025562457649235527,0.00015920694689433484,-0.05292628030831624,0.003404635451474787,0.019158202385349214,7.554999126329114e-05,0.01916557210095511,9.113314242945242e-05,0.01914208648662347,0.00013992601003145257,0.01919157436182283,0.0007294485177010465
additive,0.8,0.05,0.0,2000,-0.021966324632647284,0.0024738218604319034,-0.021758787137634093,0.0011017994264016487,0.018775152552057313,2.5220808790339615e-05,-0.020402159784742864,7.857611438331894e-05,-0.02013177990494854,0.0010959156833730778,-0.00020753749501318053,0.002204414252010013,726.604,0.5848543573486092,276.8945,0.33856165889456047,449.7095,0.5071589099631174,0.0,0.0,0.0,0.0,290.908,5.875447064445696,224.4815,4.6805165255928936,172.815,0.6337299853621995,,,,,,,,,-0.04115863835915155,0.00011376033522182898,-0.04139928168983299,0.00014318554842015872,-0.04341910275775234,0.00023850586002680235,-0.09992713953283701,0.0071602642569671355,0.018786568215781316,7.024790840714486e-05,0.01875931835792597,8.205937067501436e-05,0.018600534185388994,0.00011252907333418191,0.01850191487949479,0.0005215290468182293
additive,0.8,0.05,0.1,2000,-0.039216608029369306,0.003551253067036853,-0.03903840658792133,0.0015743283235777885,0.018799810878035193,2.465514087221957e-05,-0.029919169124720296,9.193376556601174e-05,-0.027919048341236336,0.001566262260868544,-0.0001782014414479618,0.0031581720459641326,781.3655,0.7336072141461831,256.0985,0.3368020437636055,525.267,0.6710365120470346,0.1467923277791029,0.0003321861175864252,0.0,0.0,290.908,5.875447064445696,224.4815,4.6805165255928936,269.1685,0.767640338778428,-0.055105295206288374,0.0001096438905406024,-0.055001020424541906,0.00016463908571160582,-0.05602099264164459,0.0003134115726192549,-0.11957527511133392,0.008644383931287419,-0.04106519817540132,0.00011127221836922425,-0.04124329275950294,0.00013946953419219975,-0.0432226566482281,0.00023715851145720345,-0.09873265057862202,0.007148331252900994,0.01863117836019147,7.655260139068529e-05,0.018590293447115304,8.689758483426885e-05,0.018607997288350685,0.00011568795942559898,0.017937987356613984,0.0005509215203172099
additive,0.8,0.05,0.2,2000,-0.05487599680208489,0.0045008220232719155,-0.05467288931205254,0.001992380949974718,0.01881383572236441,2.4332016126590535e-05,-0.038102526497653416,0.00010163216585231805,-0.035384198536763584,0.0019840806298539373,-0.00020310749003232332,0.0040056332554829575,836.9805,0.9173894274275117,234.989,0.3269600754610152,601.9915,0.8456475470087291,0.2739490255928899,0.00044561309792256055,0.0,0.0,290.908,5.875447064445696,224.4815,4.6805165255928936,367.0025,0.8957912523902706,-0.05512699532886173,9.798998644444447e-05,-0.05500496992833694,0.00014233889119379537,-0.05629652100974827,0.0002797954547160169,-0.11938631113973652,0.008612218272440176,-0.041091941388389196,0.00011327046396070303,-0.041303199753287514,0.00014128334073040537,-0.0430736342462489,0.00023937325312474098,-0.09970543983382947,0.0071729363730659804,0.018751771484804978,7.886437792042025e-05,0.018651857791642856,9.150392829225107e-05,0.018716511305059035,0.00012153687050647476,0.017986036494149343,0.0006003433819851138
additive,0.8,0.05,0.4,2000,-0.07896837388567815,0.006044533834105591,-0.07925807236542438,0.0026715913740851323,0.018848731121571663,2.3582197329671526e-05,-0.05160192864816429,0.00011221404065979149,-0.04650487483883117,0.0026621279776119994,0.0002896984797462556,0.005384839473144039,946.512,1.2964489260703462,193.7485,0.3135470933765492,752.7635,1.236651501977688,0.4847002553415648,0.0004982844740922804,0.0,0.0,290.908,5.875447064445696,224.4815,4.6805165255928936,559.015,1.2547739303588332,-0.05513617828379232,9.011277467023393e-05,-0.054950072037284484,0.0001298231418254474,-0.05614343318331749,0.0002650756960164072,-0.11874655625481123,0.008594580568066331,-0.04108883585593893,0.00011444945216422443,-0.04136430322192061,0.00014289887204975313,-0.04308091634163507,0.0002353197286988949,-0.09904731522892313,0.007146968526287566,0.0186815658988096,9.783543122518586e-05,0.01868247934656229,0.00011042428968957792,0.01865822844556862,0.00015360340136961,0.018714937875283222,0.0007379801627834671
additive,0.8,0.1,0.0,2000,-0.0497753226902799,0.0037928000794873002,-0.04956914032925236,0.0016871806369884656,0.017956654623326452,3.8445954633407516e-05,-0.03779463204054046,0.00015163713441595,-0.029731162912038565,0.0016737087642418203,-0.00020618236102751996,0.0033747170450447285,784.1495,0.7293644912905877,248.0735,0.3213093038014223,536.076,0.6897782317560495,0.0,0.0,0.0,0.0,469.394,8.58973918065012,397.1275,7.577859697874812,288.0025,0.7912615207831958,,,,,,,,,-0.07897149751893968,0.00021364754714031607,-0.07911490793244333,0.00025088564558758936,-0.08121742514183411,0.0003792020659519451,-0.1548809988910167,0.009674993516840539,0.017912012079505667,0.00010755677806415828,0.017887073066742733,0.00011620790823008449,0.017722692931793745,0.00014078413506538753,0.01762735874321915,0.0005333356453712401
additive,0.8,0.1,0.1,2000,-0.07389145971759764,0.005182694219311205,-0.07371798024795118,0.002297423317666404,0.01801425725706158,3.748599678113232e-05,-0.05188998034872903,0.00017758888812178275,-0.03984225715628334,0.002278510227581876,-0.0001734794696464368,0.004608802789489526,883.6685,1.0240664821948706,218.981,0.307122095412794,664.6875,1.0048486364951354,0.18000140775615234,0.0003597301603992115,0.0,0.0,469.394,8.58973918065012,397.1275,7.577859697874812,445.7065,1.076743872775127,-0.08297528290776808,0.00018351897347688192,-0.0828518228163373,0.00023821768834571898,-0.08422760320763513,0.00039786350805308147,-0.15877893603285764,0.010116962627121797,-0.07895312878783738,0.0002126355572533567,-0.07909088512046043,0.00024964857206759375,-0.08100777396353405,0.000380731437789625,-0.15409564521488806,0.009666709530143933,0.01775116971001729,0.00011706895845704267,0.01770591228272901,0.00012370570363473963,0.017720437268678203,0.0001455233047822035,0.017057978706439807,0.0005629111570412908
additive,0.8,0.1,0.2,2000,-0.09356349321310149,0.006293700215720437,-0.09349771319071458,0.0027881658812695686,0.018055385718898868,3.678539257143309e-05,-0.06304329834463826,0.0001930404606725175,-0.04850980056497412,0.0027686469808836708,-6.578002238688274e-05,0.005604162683124394,983.7895,1.33700575431392,189.756,0.28882857021334596,794.0335,1.315415085552332,0.3236080278489993,0.0004560697439946262,0.0,0.0,469.394,8.58973918065012,397.1275,7.577859697874812,604.2775,1.3564266266450744,-0.08293423966388871,0.00017758914114723566,-0.08278397825308237,0.00022492084958598482,-0.08420874318986145,0.0003789416363652988,-0.15864925934307322,0.010102989120757985,-0.07902809436091247,0.00021453710058206917,-0.07918287697541121,0.0002502813710726824,-0.08102118721467635,0.0003825511188436588,-0.1545686965099012,0.009671780165973561,0.017878827885606734,0.00012094705158876571,0.017775684110796497,0.00012985394075518377,0.01783772356036541,0.00015225733173272597,0.0171130928949511,0.0006130680835649734
additive,0.8,0.1,0.4,2000,-0.12178153060532292,0.007944435110418575,-0.12193425628366084,0.00351110855440198,0.018124852423441248,3.549571441210716e-05,-0.07964305068342611,0.00020749652904252856,-0.060416058023673995,0.0034903822474854785,0.0001527256783379558,0.007078049612418369,1183.133,1.9881584550838145,131.849,0.24894494630971434,1051.284,1.9746652433796736,0.5384617208215116,0.0004689824802711682,0.0,0.0,469.394,8.58973918065012,397.1275,7.577859697874812,919.435,1.9924303693952379,-0.08296228841609321,0.00017250264998637914,-0.08277952865155279,0.0002181151046725659,-0.08413895990606224,0.0003715803734672854,-0.1583655420782165,0.010099677192752394,-0.07900110726712199,0.00021545916108684822,-0.0791677972510662,0.00025321205452596854,-0.08097646914665525,0.0003805917378088257,-0.1544172211947352,0.009661477792524551,0.01780602779102563,0.00015111651467988434,0.017797232575760616,0.00015939075410312367,0.01777496272226483,0.00019231491614549873,0.01783939976749925,0.0007540122308024286
martingale,0.2,-0.1,0.0,2000,-0.008206706300689674,0.002517470482332765,-0.009656119084379182,0.0014175370699747436,0.015118301913574978,7.150114782995319e-05,-0.025922686919194058,0.00031923574262020406,0.0011482659212398816,0.0013082679476868321,0.0014494127836894904,0.002082146805683591,724.3005,1.742873461794319,478.3675,1.6732311774412942,245.933,0.33766738831661886,0.0,0.0,1054.7425,14.942413709324384,0.0,0.0,958.4335,14.48381430173829,-232.4345,1.6702801479875704,,,,,,,,,-0.05709669392608525,0.0005801032409198748,-0.056734748009178694,0.0006100621630980339,-0.05551306477027721,0.0007347311031383341,-0.03724382786520342,0.006470985800509343,0.015016156737362205,0.0001087688307554538,0.014977559405915926,0.00010968539724549222,0.014986494712765612,0.00011994509898129292,0.014969413200594044,0.00035184536014258545
martingale,0.2,-0.1,0.1,2000,-0.016192513325884998,0.003470748935932705,-0.018109927817109774,0.0019660053930921377,0.0152120507347,7.011369286627764e-05,-0.036498633495222775,0.00040671670897393246,0.0031766549434128883,0.0018146163268249339,0.001917414491224756,0.002855462620848833,784.135,2.8583495182507406,567.6975,2.797105002511085,216.4375,0.3193329510742994,0.14561212068910137,0.001048643385614813,1054.7425,14.942413709324384,0.0,0.0,958.4335,14.48381430173829,-351.26,2.7715298823834593,-0.06864861618715269,0.00040704875101064123,-0.06780112929446418,0.00044826314172278,-0.06476026316281935,0.0006175746966708604,-0.03470257461564748,0.00679695112031767,-0.057161524777831034,0.0005793336001815343,-0.05679347163577682,0.0006098617257951263,-0.055364774697112255,0.0007315052811756833,-0.037431995975101794,0.006476432805306202,0.014938691464635296,0.000110998968462783,0.014957881317275852,0.00011283205577629642,0.015071835792513208,0.00012741343118996388,0.014762340648026335,0.00038362247260463085
martingale,0.2,-0.1,0.2,2000,-0.021587506692372267,0.004201380871344038,-0.024113173510140123,0.0023828656629448137,0.015302287093337827,6.876017483072242e-05,-0.045336925615728774,0.00046331080682404495,0.005921465012250637,0.0022087275939837894,0.002525666817767829,0.003464168544258625,844.1935,4.020498318895448,657.127,3.947316885023977,187.0665,0.29637131584117027,0.2687979569131007,0.0016782809675328588,1054.7425,14.942413709324384,0.0,0.0,958.4335,14.48381430173829,-470.0605,3.8953672950129525,-0.06851145620443323,0.0003984552220657957,-0.0676579165989496,0.0004405069705923309,-0.06447499908116049,0.0006099014212729116,-0.03441178126128049,0.006784540472269932,-0.05715188202309999,0.0005803245263025394,-0.056787578182760895,0.0006090942980602697,-0.05553655011010205,0.0007300961992498219,-0.03744603564730521,0.006479232134439362,0.014957337315632455,0.00011909265207793113,0.014941194406736464,0.00012154718586903149,0.014913438541818747,0.0001338544093328546,0.014667248201210886,0.000391317838365082
martingale,0.2,-0.1,0.4,2000,-0.029216267337735073,0.005318534473993488,-0.03234623159240506,0.0030186088860783755,0.015479606213605937,6.623475404802461e-05,-0.05965058975296002,0.0005218907975646225,0.011824751946948877,0.0028172372576252343,0.003129964254669959,0.004388893970864022,964.685,6.286562520301602,835.648,6.217878782694155,129.037,0.25991651312853986,0.4710518744965174,0.002148369477870191,1054.7425,14.942413709324384,0.0,0.0,958.4335,14.48381430173829,-706.611,6.159405651399267,-0.0684350376071178,0.00039732673565119565,-0.06760280392955437,0.0004386742123990921,-0.06463530849051864,0.0006053983716324023,-0.03484453816332724,0.0067942898067918835,-0.05713582562933778,0.0005818819582175252,-0.05684214387803273,0.000612719066695598,-0.0555861805008034,0.0007353839739204392,-0.037387532177641764,0.006471592677428803,0.014896347052660698,0.00013616011927459492,0.014882032118298706,0.00013989036408363544,0.01498133019288818,0.00015486155568271293,0.0150982362776449,0.0004947169268025354
martingale,0.2,-0.05,0.0,2000,0.003004930546464385,0.0016192593028084743,0.002253661734410087,0.000882958485078691,0.01648659541176801,5.999551864131817e-05,-0.014623149376248808,0.0001638790394933148,0.0003902156988908706,0.0008435932110120346,0.0007512688120542878,0.0013527441151866067,686.0915,1.2699623876745538,416.4685,1.0578518464981614,269.623,0.4039276101693576,0.0,0.0,789.9985,13.146966688762571,0.0,0.0,661.431,11.739000945186755,-146.8455,0.9755058281144928,,,,,,,,,-0.02951351887034745,0.00032189421079295024,-0.029322563084144774,0.00034279788676500614,-0.02869470886983502,0.0004317249966299049,-0.018363771407601655,0.004743546079153815,0.016397519737414924,8.249521973159001e-05,0.016362996456417506,8.389801206335025e-05,0.01637300637336937,9.576244421917537e-05,0.016350776200646764,0.0003443571845290422
martingale,0.2,-0.05,0.1,2000,-0.0028203971426034938,0.0023595399315472047,-0.004000298690184627,0.0013035472904526363,0.01655035996726793,5.833808548557385e-05,-0.02189229280361409,0.00022060038337754612,0.001341634146161482,0.0012386563062278912,0.001179901547581119,0.0019565449948328456,714.5475,2.0000767548740956,466.8485,1.7761778282913725,247.699,0.4060574353714142,0.11979025432078372,0.0008375539651953232,789.9985,13.146966688762571,0.0,0.0,661.431,11.739000945186755,-219.1495,1.6245225796155742,-0.04735857621170458,0.00023453647938639468,-0.046771352197688715,0.00026818589089336976,-0.04467088123434629,0.00040897170393583497,-0.02248647085350978,0.005711374540826297,-0.02958236516219465,0.0003212052298915188,-0.02939473428771855,0.0003426894783308914,-0.028613781185037122,0.000431572543148142,-0.018372684557996042,0.004757210809144634,0.016374676972176667,8.353505473881663e-05,0.01639235086652174,8.578983810833972e-05,0.01651283396972078,0.00010173133394769313,0.016198326155567707,0.0003765961073049661
martingale,0.2,-0.05,0.2,2000,-0.007350727099102198,0.002980287260366655,-0.009007915600469058,0.0016496640655280774,0.016621932083004894,5.663778742875057e-05,-0.028461442928258238,0.0002610732732082067,0.00283159524478426,0.0015685054559007262,0.0016571885013668406,0.0024769774540358597,743.2045,2.7662398452259445,517.5825,2.522690940576319,225.622,0.40752250894600756,0.22879389513047976,0.0013846514961760171,789.9985,13.146966688762571,0.0,0.0,661.431,11.739000945186755,-291.9605,2.325511873246685,-0.04715546991059959,0.00022659987393557776,-0.04659875827297516,0.0002603760763469225,-0.04440415511606027,0.00039806333854610043,-0.02273758866925151,0.0057107702850679775,-0.02964843885240838,0.0003213884284451393,-0.029415499324456234,0.00034126734335907877,-0.02875178482720762,0.0004273084715906952,-0.018676186463895746,0.00477076272858364,0.016373217866420497,8.94628533881402e-05,0.016359139649983697,9.257432357018258e-05,0.01633593536324019,0.00010663495580066309,0.01608312875199892,0.00038657255902030537
martingale,0.2,-0.05,0.4,2000,-0.014630496135091212,0.004010736248260255,-0.016962828399867992,0.002236160141695009,0.016767796712730407,5.335490335069508e-05,-0.040037189600863554,0.000310907784767545,0.006306564488265116,0.0021321674467317357,0.002332332264776757,0.003328561804095114,800.872,4.268908068352845,618.146,3.995220674270454,182.726,0.4274351557911481,0.4234651547681336,0.0019201247494068526,789.9985,13.146966688762571,0.0,0.0,661.431,11.739000945186755,-435.42,3.7503869135064583,-0.04712486312948047,0.00022321709770481898,-0.046600339962478116,0.00025544610879693174,-0.0445999900747745,0.0003884621516648709,-0.02376829051198066,0.005718104820470401,-0.0296850497055259,0.00032214298074498786,-0.029534521652760746,0.0003433045314668455,-0.028926175660789796,0.00043177022540732203,-0.01802116421249466,0.004720084250350073,0.016321929751501655,9.891811612464677e-05,0.016305891268006096,0.00010384755900105257,0.0164087479878904,0.0001223514829620212,0.016523818976485857,0.0004889502596909043
martingale,0.2,-0.02,0.0,2000,0.006989065124824251,0.0007388630146216849,0.006739884106014238,0.00040624622094820507,0.01750884204600202,4.666287259383136e-05,-0.010775660546653461,9.270373877957973e-05,6.702606665670185e-06,0.0003920319091707656,0.0002491810188100073,0.0006127335164316155,671.657,0.9928119223985115,367.9505,0.6722183154353973,303.7065,0.4830018884923159,0.0,0.0,593.7085,10.879456606462519,14.4195,1.5473072868033995,455.4425,8.891179695915921,-64.244,0.620210498565822,,,,,,,,,-0.018967654056447708,0.00016366406681831054,-0.01889619640251835,0.00017516680434607513,-0.018752353508660332,0.00022125448213918417,-0.015692497336328024,0.0022616977339268898,0.017406125208035014,6.651264389833891e-05,0.017372125807739808,6.849890194148312e-05,0.017376347972434175,8.199287503254781e-05,0.01735938167126685,0.0003406094454723502
martingale,0.2,-0.02,0.1,2000,0.0017530233969986302,0.0010787911038019256,0.0012300267757882888,0.0006041955518168698,0.017582209839894447,4.454399344761028e-05,-0.016735559573865317,0.00012369351173429307,0.00038337650975915394,0.0005765962938505595,0.0005229966212103349,0.0008820622066915817,685.8375,1.4499204052173806,388.3185,1.0742830497175568,297.519,0.5195515242910914,0.10635759386711058,0.0005925321374021851,593.7085,10.879456606462519,14.4195,1.5473072868033995,455.4425,8.891179695915921,-90.7995,0.8635777516480904,-0.03949139093906348,0.00013037188632279145,-0.03925900969955164,0.00015329124191600714,-0.0386702164562545,0.00023734319980866185,-0.02984762173825066,0.003017718948561894,-0.019092093867555383,0.0001635817836807072,-0.019015832702328105,0.0001755887807542585,-0.018748661202086965,0.00022380891255310232,-0.015048365773290037,0.0022561988733299306,0.0174027966340337,6.781483396374343e-05,0.017417446542234087,7.047572757919712e-05,0.017537095263131165,8.756061650061063e-05,0.01722644581742474,0.00037340988599250457
martingale,0.2,-0.02,0.2,2000,-0.003450065914500319,0.0013971483296746176,-0.00404676794933963,0.0007786861127031806,0.017658001821590157,4.23918362836474e-05,-0.022361674439782205,0.00014510747526104764,0.0006569046688524076,0.000742517021583298,0.0005967020348393036,0.0011496188252139686,699.3325,1.9325586312727105,408.321,1.5131269795123157,291.0115,0.5545655555050965,0.20672272609633438,0.0009657852656105538,593.7085,10.879456606462519,14.4195,1.5473072868033995,455.4425,8.891179695915921,-117.3095,1.2080602466991568,-0.03946838158540798,0.00011738569741566503,-0.039270751812950574,0.0001376616824378289,-0.038435749445395115,0.0002114216457846105,-0.03136671942243384,0.003030620679863172,-0.019136487373275876,0.00016223166948534836,-0.019050010905883045,0.00017365960523471965,-0.01886106980367108,0.00021847825042532252,-0.015702911769289316,0.002298380278149628,0.01738854021084225,7.3040074701906e-05,0.017374235546695548,7.676273113882779e-05,0.017347109364862286,9.240814183301852e-05,0.01709845109642068,0.00038511959520870324
martingale,0.2,-0.02,0.4,2000,-0.012490741398080906,0.0019376149882493223,-0.013584969242209451,0.0010978960865992758,0.017829077920545867,3.785638845630641e-05,-0.032969143136845916,0.00017137192509348386,0.0015550959740905583,0.001046664858003551,0.0010942278441285333,0.001588195507836362,728.516,2.875873553609089,448.962,2.371692168024749,279.554,0.6470377662358416,0.3977025752146337,0.0013495999843856196,593.7085,10.879456606462519,14.4195,1.5473072868033995,455.4425,8.891179695915921,-169.408,1.953590163074802,-0.039490231042481595,0.00011021520242220724,-0.03935349775426586,0.00012734454421301105,-0.03873220291079461,0.00019523543367778746,-0.032236173773349364,0.0030047481578595507,-0.019150600793846943,0.00016405373538664266,-0.01906308007571208,0.0001756103527756319,-0.018973251375501342,0.0002230529918032931,-0.014944338027306239,0.002263908814959656,0.01735480404471481,8.06832688783762e-05,0.017336343431526957,8.683326378518474e-05,0.017435575546754935,0.00010786818159556797,0.01755669326969901,0.0004871764232397637
martingale,0.2,0.0,0.0,2000,0.006932566210777969,0.0002739065670821163,0.0071424694002585574,0.00016646141754541043,0.018117571725773225,3.479595126854835e-05,-0.010970228526048387,6.383202696038576e-05,-4.873799466300691e-06,0.00016067573743433388,-0.00020990318948058904,0.00021372596444047418,673.8485,0.8616182257000076,336.8275,0.5086199160320919,337.021,0.5262653865955506,0.0,0.0,455.4425,8.891179695915921,21.2095,2.1590723938015226,338.4595,6.5486246970326745,0.1935,0.5735093594420965,,,,,,,,,-0.01942932110363096,7.84002062413596e-05,-0.019430119833141697,8.55076307341898e-05,-0.019486283388983842,0.00010719987232066629,-0.019975304723402917,0.0004950754389398338,0.017990721338356778,5.868552322591005e-05,0.017957391025436156,6.130487776175645e-05,0.017958857706035516,7.574337747110979e-05,0.017943977801588615,0.00033912358436702546
martingale,0.2,0.0,0.1,2000,0.0011182769593072518,0.0002771067773731748,0.0012633960667692802,0.00017254421807126144,0.018214884742813076,3.217058621820185e-05,-0.01711617235254782,7.725041012053223e-05,0.00016468367650400754,0.00016519370629479937,-0.000145119107462028,0.00021397952565402304,689.1345,1.1776904016829328,339.761,0.7386814365017683,349.3735,0.5812356805403179,0.10797078646518338,0.0004412774004064074,455.4425,8.891179695915921,21.2095,2.1590723938015226,338.4595,6.5486246970326745,9.6125,0.6164541180938428,-0.0400981111835153,9.164286963831325e-05,-0.040083880367662424,0.00010729853312898532,-0.04012756841037368,0.00015564125114183702,-0.03970422949909535,0.0010590302006516943,-0.019530135062049786,8.081628120070779e-05,-0.019536064372529503,8.77492677545302e-05,-0.019537291596469643,0.00011356235159533635,-0.019246811726724374,0.0005126553356010899,0.017999426061769335,6.093693171903972e-05,0.018012576694740254,6.383738498272469e-05,0.01813159266549526,8.132443415647887e-05,0.017823075245160375,0.0003721776138285229
martingale,0.2,0.0,0.2,2000,-0.004905600931217387,0.0002862027251570986,-0.004621663726737517,0.00016586909109445744,0.018311584288327337,2.9681484681326252e-05,-0.02294290582995057,8.287753661588327e-05,9.6578148857068e-06,0.0001581424155340592,-0.0002839372044798687,0.00023465919344478655,703.56,1.5193384727233588,342.17,1.003026211417426,361.39,0.6533194954856244,0.2103609675347255,0.0006852869226493728,455.4425,8.891179695915921,21.2095,2.1590723938015226,338.4595,6.5486246970326745,19.22,0.7465832125400512,-0.04005666266817184,7.338767319101726e-05,-0.04005491686653525,8.545296367260365e-05,-0.03997353765352534,0.00011752651663375059,-0.04007887405502056,0.0007966270480820348,-0.01956181961921047,7.851912393703297e-05,-0.01953411588216645,8.689838212626652e-05,-0.0194952405525238,0.0001092561875933069,-0.020085246612721208,0.0004811655569189942,0.017984775156400797,6.598913382570987e-05,0.017970427130154013,7.019082496547582e-05,0.017942141822293346,8.653874195892654e-05,0.017694686041979227,0.00038521351524137113
martingale,0.2,0.0,0.4,2000,-0.0155756496321144,0.00035877110345866527,-0.015449888163890247,0.00017316610160270402,0.018508094021052187,2.4693273757971233e-05,-0.03395348532407707,8.583584021707294e-05,-4.496860865369143e-06,0.00016548183271221741,-0.00012576146822415075,0.00030913296040484235,735.0745,2.1832374441970055,348.04,1.5279005006773132,387.0345,0.8056687942188087,0.40477391406051255,0.0008925750820889091,455.4425,8.891179695915921,21.2095,2.1590723938015226,338.4595,6.5486246970326745,38.9945,1.0957365350083368,-0.04007805252959265,6.386619486324548e-05,-0.04011194374271163,7.080272138112197e-05,-0.04013598506980209,9.009740671562808e-05,-0.040831112247699065,0.000742244572782891,-0.019535373996904273,8.037638609456125e-05,-0.019485112358454907,8.727427779143312e-05,-0.019546123519525907,0.00011109097107053115,-0.019227123297136908,0.0005208438986192091,0.017953275413769995,7.527629828941957e-05,0.017933623694607367,8.216425388859507e-05,0.018033080570030252,0.00010399685089257158,0.018155164638754193,0.0004871019307078984
martingale,0.2,0.02,0.0,2000,0.005607204821624269,0.0007736789951596255,0.006259404661470913,0.00040728496899165845,0.01988148233954975,1.1527142711673415e-05,-0.013725348278216006,5.3754371072851083e-05,0.00010327060013716008,0.000410155188778814,-0.0006521998398466393,0.0006622081145170934,681.2765,0.8344160526676573,303.314,0.4654159516002883,377.9625,0.5452198448466521,0.0,0.0,324.04,6.71965490788333,28.914,2.7911921608587646,21.2095,2.1590723938015226,74.6485,0.5757631678804609,,,,,,,,,-0.027016774185092275,8.862260160331494e-05,-0.02705834652374853,0.00010048966967636625,-0.02719740672905826,0.0001473029960713022,-0.029965185610394688,0.002316105638655789,0.019895977964488897,5.3527259047764364e-05,0.019857308324829688,5.7515721546777846e-05,0.0198315713946608,7.22053251759208e-05,0.019849234427720734,0.0003381872303107994
martingale,0.2,0.02,0.1,2000,-0.001854178226839678,0.0011303245238517125,-0.0011139717720531123,0.0005764989063443243,0.019885036053220964,1.092975043889194e-05,-0.021135306185945894,5.7377840107321366e-05,0.0001362983606717999,0.0005790031203018858,-0.0007402064547865574,0.0009782030038005967,705.6575,1.0688411049022974,290.821,0.6035367493400066,414.8365,0.6331084401771246,0.11820677122199907,0.0003543874245342261,324.04,6.71965490788333,28.914,2.7911921608587646,21.2095,2.1590723938015226,124.0155,0.6226913377637937,-0.04655787699908976,0.0001080689127660018,-0.04659888902511227,0.00012913617117186853,-0.04673719197248609,0.0002047744213599961,-0.05017398413171151,0.0033949984424550333,-0.02705278588332982,8.837595397968806e-05,-0.027095508794493565,9.981052138060793e-05,-0.027260039618920238,0.0001432905911078526,-0.02926640031929315,0.00232054862245925,0.01991138268842689,5.6939814543138205e-05,0.019916502108392607,5.9813184565109626e-05,0.02001120783205102,7.635572970192594e-05,0.019735031871817927,0.00037156696205683
martingale,0.2,0.02,0.2,2000,-0.009340913152126977,0.0014682152873919966,-0.00806408993207082,0.0007578429915214243,0.019888970501930073,1.0376912546365016e-05,-0.02803848950738096,5.621815721011271e-05,8.542907338005268e-05,0.0007584212792025203,-0.0012768232200561442,0.0012710593939305789,728.4175,1.3248096682933748,277.345,0.7663583626933518,451.0725,0.7273043432283622,0.2285314923306021,0.0004989897764687994,324.04,6.71965490788333,28.914,2.7911921608587646,21.2095,2.1590723938015226,173.7275,0.6909651498405307,-0.046522619782582236,9.512604861382119e-05,-0.04657644573240731,0.00011176105609567105,-0.04666929776874764,0.00018333303710448446,-0.049561631067507904,0.003388856195809568,-0.027138336760087412,9.058826262580887e-05,-0.02714755971008452,0.00010244717185083702,-0.027225530577223458,0.0001493769621018094,-0.029920249550987047,0.0022879114796675827,0.019892591486031407,6.205565651523034e-05,0.019872169368735128,6.668493982700219e-05,0.019818422229347286,8.325734571799864e-05,0.019602502371609837,0.00038625892721343196
martingale,0.2,0.02,0.4,2000,-0.022349780776427422,0.002101363697762164,-0.02094725289715008,0.0010743954507529327,0.019895027032267875,9.392600791160522e-06,-0.040645039730580514,5.526919739303904e-05,-0.00019724019883741705,0.0010692379981719071,-0.001402527879277328,0.0018144031918079038,777.928,1.8295507743755046,251.8185,1.0917855910220569,526.1095,0.9472195454638033,0.4300935770824903,0.0005840524896990113,324.04,6.71965490788333,28.914,2.7911921608587646,21.2095,2.1590723938015226,274.291,0.9116936174648054,-0.04658628695088341,8.771591383726954e-05,-0.04668760363330539,0.00010230767671506762,-0.04684633487129741,0.00016659511564638061,-0.05003155991912461,0.0033674796816529845,-0.0270934357542459,8.974646110678556e-05,-0.027111801391430754,0.00010035306382975837,-0.027259587991579508,0.0001459292174807541,-0.02936719302017302,0.002319345131332359,0.019864844489993164,7.623560411865853e-05,0.019837697316496865,8.32595306855616e-05,0.019912946291208822,0.00010467919584398098,0.02006673371497737,0.00048754574065345505
martingale,0.2,0.05,0.0,2000,-0.003773506843197125,0.001706190343639185,-0.0026694574831806744,0.0008837348232317345,0.019822432874855047,1.5965138294499886e-05,-0.023378080904501004,7.532961767624758e-05,0.0008861905464652622,0.0008692785180986409,-0.001104049360016437,0.0014593408515842503,743.9195,0.5727342508843591,269.2925,0.38858972305174355,474.627,0.6099064915741036,0.0,0.0,0.0,0.0,41.5655,3.6975095866605567,33.075,3.1058332678435616,205.3345,0.8473200578974025,,,,,,,,,-0.0459321112598226,0.00010579500899166046,-0.04590070946600887,0.0001258447428341472,-0.04569183855456879,0.0002144108132385649,-0.044946122564313136,0.0047744956865205055,0.019828829973853858,7.392378574685131e-05,0.019793201251896646,7.700053239640608e-05,0.019767765093702767,8.858301587578857e-05,0.019782086437085695,0.0003419479933460957
martingale,0.2,0.05,0.1,2000,-0.013651764252215537,0.002445750223946047,-0.012125310378733465,0.0012638644349236843,0.01982688386542448,1.528535373542324e-05,-0.03368499776985513,8.245213222066969e-05,0.0017328035256971538,0.0012448939568971964,-0.0015264538734820535,0.0020993041748932012,814.8385,0.8145952931491873,244.9385,0.42526025209982643,569.9,0.95078546291908,0.15921459563647142,0.0004081148619298972,0.0,0.0,41.5655,3.6975095866605567,33.075,3.1058332678435616,324.9615,1.2272379823847142,-0.05733128480931242,8.19231009530194e-05,-0.05725246826072883,0.00010371625947777251,-0.056960861787893134,0.0002172751631122888,-0.05343552717608116,0.005812506633117792,-0.045924731519327654,0.00010505212385241863,-0.04588840813529048,0.00012442438066602993,-0.04574115235091954,0.00021170371362766853,-0.04453072206184015,0.004767809411581951,0.019852245367668945,7.87795503544428e-05,0.0198548851854111,8.078644071935892e-05,0.019955519745975082,9.27660625642506e-05,0.019675894551059985,0.0003748110741601565
martingale,0.2,0.05,0.2,2000,-0.02237652186382391,0.0030848111709350003,-0.02014218541604689,0.0016071893805557624,0.019832384752400765,1.4574339564647886e-05,-0.04233815703233404,8.645706497866355e-05,0.0023635868638863617,0.001584258446090331,-0.0022343364477769886,0.002643536857135675,884.8515,1.098921761725646,219.824,0.47086608439631467,665.0275,1.3165306674643729,0.293264161072814,0.0005787674693066648,0.0,0.0,41.5655,3.6975095866605567,33.075,3.1058332678435616,445.2035,1.6438694282769575,-0.05729503810458756,7.001583255642224e-05,-0.057208388019926525,8.940620163337131e-05,-0.05682169636467619,0.0002086606571948034,-0.05292523431838589,0.005824075577748413,-0.04591377846997592,0.00010539201839431215,-0.04587115252791168,0.00012574461233288495,-0.04562591965485916,0.00021488182906547132,-0.045235777021540684,0.004757766478328844,0.01982701930793304,8.456580351161368e-05,0.019807529822883137,8.820486029094305e-05,0.019758435887956702,0.00010087235460107139,0.019536930193511465,0.0003916895920397917
martingale,0.2,0.05,0.4,2000,-0.03467088298997735,0.00413622051195513,-0.03215645730152597,0.0021518245818112317,0.01984034736408028,1.3494658234112746e-05,-0.05608096784696315,8.439115552564962e-05,0.004084163181357205,0.0021279854144897635,-0.0025144256884513556,0.003533587469745425,1026.5975,1.7094406513667777,171.059,0.5664253510738811,855.5385,2.0538132420674584,0.5065524474180954,0.0006375465553254463,0.0,0.0,41.5655,3.6975095866605567,33.075,3.1058332678435616,684.4795,2.48108558552831,-0.057346845871505944,6.0919930400880285e-05,-0.057283551557460115,8.012290318768639e-05,-0.05688706509346912,0.00019782126841342347,-0.0531465503977133,0.005818205586022779,-0.045891468927121905,0.00010702627191190087,-0.04578001474422586,0.00012632909710970534,-0.04563111550131329,0.00021412464764086162,-0.04446714940994301,0.0047570752433993045,0.01980000267661411,0.00010520967197559275,0.01976984571597773,0.00011077001425963919,0.019848242613221947,0.0001284476290967869,0.020001891901598314,0.0004942266306051153
martingale,0.2,0.1,0.0,2000,-0.025896340443930393,0.002614781010112202,-0.02418925189898622,0.001385312995122559,0.01972796209938782,2.1638090374020586e-05,-0.04556951430574213,0.00013582037930480817,0.0016523003073681927,0.0013428861803181748,-0.0017070885449441463,0.0022162247515580867,816.801,0.710787808811165,245.797,0.32370942123252655,571.004,0.7102180628852128,0.0,0.0,0.0,0.0,61.8365,4.883770417476676,53.911,4.452617144918212,325.207,0.8444972843838314,,,,,,,,,-0.09048787350555947,0.0001743755646681367,-0.09040220772480351,0.0002032533070716649,-0.09003121426805553,0.0003302461525406926,-0.08742431441433829,0.006397685133846858,0.01970989473104627,0.00011779266861059877,0.01967965020257805,0.0001199648442213877,0.01965365507313353,0.00012823868812816044,0.019663151194278108,0.0003536637942978758
martingale,0.2,0.1,0.1,2000,-0.04075159199322194,0.0035375669721455995,-0.03854500370266638,0.001878518102212867,0.019737512315135673,2.0685857340862555e-05,-0.06118068633407295,0.00014958002510041075,0.002898170316271274,0.0018263444789172374,-0.0022065882905555317,0.0029953314637885162,937.106,1.0039102549032708,216.292,0.3140902646488324,720.814,1.0282985466052528,0.1918978334133291,0.00037230923826960563,0.0,0.0,61.8365,4.883770417476676,53.911,4.452617144918212,504.522,1.1420443908602447,-0.09176840106485662,0.0001296601645565744,-0.09164159573009087,0.00016339906178734623,-0.09116151698612805,0.00030415828459148196,-0.08678053680858429,0.006698171611063781,-0.09058365847275937,0.00017523796039917475,-0.09049259690686756,0.00020440556047323776,-0.09025368464154755,0.0003291974755690138,-0.0871864527851707,0.0063867176914687365,0.019751146933675898,0.00012560063633558486,0.019749729466623473,0.00012687562921939445,0.019860398645046524,0.000133949148224655,0.019574796117066934,0.0003862488825832761
martingale,0.2,0.1,0.2,2000,-0.052530130993103684,0.004269077999674187,-0.04960127724115199,0.002280304450274972,0.019747797468400656,1.968615391131607e-05,-0.07324999937111659,0.00015687497737686343,0.0039009246615646326,0.00222109735895249,-0.002928853751951665,0.0036144767792657103,1058.4005,1.3228242445109375,186.498,0.29653408612184207,871.9025,1.3646399224461985,0.340479049749218,0.0004726200282759524,0.0,0.0,61.8365,4.883770417476676,53.911,4.452617144918212,685.4045,1.466453266376475,-0.09170464325006202,0.00012490857669163717,-0.09159573347257913,0.00015616086772708975,-0.09114540059780941,0.0003014190077954185,-0.08656003312592653,0.006694963894172392,-0.09052464260807816,0.00017234825231257124,-0.09044884290473527,0.00020162521778356387,-0.09005149165959266,0.0003289119414204021,-0.08715674928799855,0.006397039164227912,0.019723082439016184,0.00013366039326151864,0.019704435255106574,0.00013640042344540361,0.019662664144371837,0.00014473502061128715,0.01943299332459461,0.0004067874583540819
martingale,0.2,0.1,0.4,2000,-0.06812335571890214,0.0053464264577077585,-0.06488673310529249,0.002861408465420534,0.019761385108013188,1.8380053383877478e-05,-0.09059649877088351,0.00015878701599846055,0.005948380557578732,0.002797391476497434,-0.0032366226136096407,0.004508914741874716,1300.021,1.987544954705047,127.7405,0.26262057165677,1172.2805,2.043587295515461,0.5547370092180199,0.00048171711051082136,0.0,0.0,61.8365,4.883770417476676,53.911,4.452617144918212,1044.54,2.130751569546662,-0.09182477415195216,0.00012168857507052977,-0.09172918737768399,0.00015328794889519416,-0.09123401731565962,0.0002970042101744995,-0.08650322476058625,0.006702686063730364,-0.09046808875241429,0.00017459677965222438,-0.09031854346787355,0.00020422289034524745,-0.08994033792355997,0.0003309715111866911,-0.08704324800467152,0.006392254898339895,0.019692366776599943,0.0001676472559715395,0.01965842127234583,0.00017169416562078384,0.019739966985002938,0.00018518905055522225,0.019894256001584145,0.0005126716765708388
martingale,0.5,-0.1,0.0,2000,-0.019560358354208936,0.0031275278341520826,-0.019591896670892613,0.0017472107135022498,0.01846787833511753,5.036662525468563e-05,-0.03938726784550014,0.00022174596060639334,0.0013274928394899695,0.0016750338724670435,3.153831668365581e-05,0.0025501082674477793,787.8165,1.1588597377685146,540.2995,1.1206524130123465,247.517,0.33665490307120277,0.0,0.0,344.1605,11.146749879956854,0.0,0.0,304.7525,10.332055691355889,-292.7825,1.181287779198465,,,,,,,,,-0.08104040737084434,0.00033570096818185064,-0.08077668616357345,0.00037681755034528984,-0.07995430093103127,0.0005497565113205272,-0.0689031850867052,0.007808669372371896,0.018385295913328208,0.00011740193031193137,0.018359237565617043,0.0001208081968799188,0.018309089412492076,0.00013576869983099142,0.018643281792030945,0.00041350200317059156
martingale,0.5,-0.1,0.1,2000,-0.03195212781047125,0.004280681215823867,-0.03199589639584948,0.0023974615715477605,0.018519175400789185,4.839013321456818e-05,-0.053681149628139864,0.0002680238912909771,0.0031660778315006875,0.0023009528851239956,4.376858537821393e-05,0.0034941069722166118,889.371,1.8232249598245038,671.292,1.8027488232307431,218.079,0.31909213308180656,0.1792024179786523,0.0006127946766788004,344.1605,11.146749879956854,0.0,0.0,304.7525,10.332055691355889,-453.213,1.8382864205509406,-0.08554619657424305,0.00023259605004991637,-0.08508330131921411,0.00028213974727673413,-0.08345846122876384,0.0004928375086997531,-0.06682353340302914,0.008221376987027285,-0.08103050690332075,0.0003335295286130404,-0.08075504159972592,0.00037583541927627796,-0.07971182134176283,0.0005472571255258319,-0.06917259205517676,0.007805902586691374,0.018360751562556777,0.0001232775574983472,0.01838959295984014,0.00012679705584199287,0.018330159866890988,0.00014500431424872994,0.018651384304692434,0.00046344036647907595
martingale,0.5,-0.1,0.2,2000,-0.04121919044742789,0.005184434631351887,-0.04117433112121222,0.002912154768807419,0.01856519339311123,4.667301856553464e-05,-0.06502050152064708,0.00029199643186425425,0.005280977006323135,0.002802136445657116,-4.485932621570177e-05,0.0042349448143100595,991.0305,2.5314512453489577,802.422,2.508123561529605,188.6085,0.2928198859671401,0.3216637200045687,0.0008904099193258496,344.1605,11.146749879956854,0.0,0.0,304.7525,10.332055691355889,-613.8135,2.5188507624424137,-0.08540973111172817,0.00022635726140818105,-0.08493508146512584,0.00027603836583882087,-0.08312166691296469,0.0004865796926180618,-0.06670418553328974,0.008212297293869037,-0.0811057064471731,0.0003332254894501516,-0.08085165027945831,0.00037401167377231354,-0.079981980156543,0.000545106054442128,-0.06900840365966217,0.007817646274210442,0.01837439352725807,0.00013199935411956562,0.018337252060109787,0.000136843492053664,0.018241077198184918,0.0001536436336512426,0.018278934522428673,0.000487502100852615
martingale,0.5,-0.1,0.4,2000,-0.0541374342020152,0.006507444461947553,-0.05392878973116834,0.0036736264678376308,0.01864728263409163,4.360150353455504e-05,-0.08184890308175179,0.00031037391492172537,0.009272830716492356,0.003547758243375324,-0.00020864447084689486,0.005307573587123952,1194.382,3.93740309208427,1063.8305,3.9192978749760004,130.5515,0.26006439706409284,0.5344403600632613,0.0010234024513436403,344.1605,11.146749879956854,0.0,0.0,304.7525,10.332055691355889,-933.279,3.9184072704695505,-0.08539019095541997,0.000224326480738078,-0.08492686146562542,0.0002730271203372521,-0.08330317072145638,0.00048113141914624965,-0.06700170705504623,0.008219846011986134,-0.08109744181554705,0.0003339366632817388,-0.08089004580263184,0.00037453757712134923,-0.0800365172305182,0.0005458093924801005,-0.06897860432048523,0.00782137532911507,0.0183182590862564,0.00015847319452695592,0.01829196211714889,0.00016315002504511142,0.01832662807009099,0.0001854234959724716,0.01908663727544947,0.0006010534428967545
martingale,0.5,-0.05,0.0,2000,-0.001348621952640856,0.002008200147108238,-0.0014341923159539582,0.0011018746740107815,0.018958667657471083,3.850315355260952e-05,-0.020821260505929418,0.00011302527237610211,0.00042840053250425104,0.001076902368545632,8.557036331309109e-05,0.001643475729734709,727.6245,0.8547192652480655,453.002,0.759955764753575,274.6225,0.38256460201168135,0.0,0.0,241.063,8.799842960733264,0.0,0.0,196.346,7.548160968673395,-178.3795,0.8468954219990219,,,,,,,,,-0.04146529697808244,0.0001857024339014733,-0.04133394995796392,0.0002149832632826945,-0.040955223559560425,0.00034001353680647553,-0.0350197791488395,0.005728129467250824,0.01891071578595884,7.784582971645893e-05,0.018886757819306706,8.280868923229915e-05,0.018835085798033235,0.00010217453003511264,0.019168701664661583,0.000403349988744843
martingale,0.5,-0.05,0.1,2000,-0.009826425226451165,0.002911095066193314,-0.009855636814976922,0.0016016010684570226,0.018988232888957464,3.697166325484015e-05,-0.03035095601213574,0.00014275497775567827,0.0015070863082012617,0.0015630695502896208,2.921158852574268e-05,0.0023893697223161875,783.8545,1.2785562239823252,531.149,1.2148404496719227,252.7055,0.3886642700743357,0.14668651241272382,0.000535841504718496,241.063,8.799842960733264,0.0,0.0,196.346,7.548160968673395,-278.4435,1.2724340643424512,-0.05572526884296257,0.00013496772102972396,-0.05536692071364163,0.00017817269033472682,-0.054161250335399334,0.00035821170257175673,-0.041674644335547704,0.007042101162360422,-0.04142784765464506,0.0001840828591024387,-0.041265526896393116,0.00021413258601348187,-0.040658417504386785,0.0003386783027671867,-0.03523623034377434,0.005710345831902783,0.018909070646193963,8.135771335416915e-05,0.01893228140868247,8.64419281766639e-05,0.018869747038313192,0.00010999353919365915,0.019199703388329617,0.00045140286904039206
martingale,0.5,-0.05,0.2,2000,-0.01684487713278408,0.003696233203103558,-0.01684068589908394,0.002037035898121441,0.01901449545780104,3.558953956735462e-05,-0.03859513414481107,0.000159613885316313,0.002739952787926294,0.0019894937309944075,-4.191233700158392e-06,0.0030513879962247364,840.161,1.7421911934622125,609.815,1.6939141241603763,230.346,0.3919080733654061,0.2734797772401424,0.0008076812237728388,241.063,8.799842960733264,0.0,0.0,196.346,7.548160968673395,-379.469,1.7351206993810864,-0.05557434029525142,0.00012330004660063144,-0.055219976628558175,0.00016461473794487767,-0.05388342265581704,0.00033986224465356224,-0.04149819253618093,0.007021117347097773,-0.04156465320339371,0.00018328886778556095,-0.04140180746636508,0.00021282198448192307,-0.040975936446796375,0.00033449723316774375,-0.035193517606020776,0.00574296432517569,0.018933090794959005,8.80285262324746e-05,0.018896607321706553,9.452496715831267e-05,0.01880134928874643,0.0001162707879459572,0.018837631790129605,0.00047589652851698014
martingale,0.5,-0.05,0.4,2000,-0.0281346613748104,0.004950752492677746,-0.027910297068034183,0.002743415386091326,0.019069170823594887,3.287300079422797e-05,-0.052089489587348374,0.00017877931130090896,0.005110021695719306,0.002683468207716669,-0.0002243643067762431,0.004074047156949799,952.5585,2.6874217024088884,765.598,2.670659171104411,186.9605,0.43747875800643554,0.48251881632787785,0.0010114560831363407,241.063,8.799842960733264,0.0,0.0,196.346,7.548160968673395,-578.6375,2.7249551807770382,-0.055571526618047616,0.00011975471795033616,-0.055266387316297995,0.00015862967414422246,-0.05412269281612932,0.00032989078045293963,-0.04277286403084301,0.0070069397143054995,-0.04159487979291879,0.00018459735511163047,-0.041474394849901966,0.0002132813492328983,-0.04105332160240264,0.0003361561103580263,-0.03526402200009335,0.005743864802557925,0.018868455350804163,0.00010351687781160662,0.018835484798215132,0.00011075687090704415,0.018863698376373073,0.00013985606233130003,0.01963683353999723,0.0005860467120789171
martingale,0.5,-0.02,0.0,2000,0.005722025438591616,0.0009161548863586967,0.005568354520567405,0.0005102623835250216,0.01928434295425555,2.858734271497675e-05,-0.013612323650215852,6.548958372757457e-05,-0.00010366478347224875,0.0005048680593636074,0.0001536709180242044,0.0007373299891617068,694.8175,0.7425131377658428,383.6705,0.5136159708943822,311.147,0.43583502794726453,0.0,0.0,173.7085,6.860323008413298,88.068,3.9886495647869764,130.169,5.418771887049864,-72.5235,0.5968092781888248,,,,,,,,,-0.02449558434756975,0.00010638767278147406,-0.02447260762036503,0.00012479785027748541,-0.02460186466803827,0.0001953429580840864,-0.024172281254567017,0.002741577686217309,0.019248515713404524,5.878556286517914e-05,0.019225221870908846,6.52119264014237e-05,0.019168315038385213,8.812263367871107e-05,0.019506501592107265,0.00039981962986323594
martingale,0.5,-0.02,0.1,2000,-0.0011600271544224806,0.0013548567142266368,-0.001197287130198141,0.0007496837171501393,0.019309008159512274,2.7118110490619617e-05,-0.020769573627287315,8.068357800739927e-05,0.00026327833757696983,0.0007388221152653404,3.725997577565354e-05,0.0010996142368003344,722.576,0.9862851977220498,418.3035,0.7103946256392066,304.2725,0.48473715241196874,0.12110657327100495,0.0003928889419221901,173.7085,6.860323008413298,88.068,3.9886495647869764,130.169,5.418771887049864,-114.031,0.7116900806428614,-0.04376575586418698,0.00010268817850086332,-0.04365142397686306,0.000138030944150969,-0.04352246707378901,0.00025410015030714265,-0.04098243145893791,0.00393245307080937,-0.02458130407485055,0.00010712317830518629,-0.02453580596367105,0.00012554146910126595,-0.02433843776319466,0.00019608929638709497,-0.023889615186430724,0.002766532930330031,0.01925393774097703,6.177466323504732e-05,0.01927288545850768,6.830848938295335e-05,0.019205740768511226,9.548052082012288e-05,0.019544570483112686,0.000446572253651776
martingale,0.5,-0.02,0.2,2000,-0.007549617633734078,0.0017486893049140008,-0.0077331660180786875,0.0009615962879633025,0.019329773571382748,2.5799982815298405e-05,-0.02735530819011608,8.899344792994173e-05,0.0002923686006546261,0.0009459422738465379,0.00018354838434459986,0.0014494540638654064,750.0855,1.2430437135160837,452.7035,0.9291520088784188,297.382,0.548311372014424,0.23236920597127458,0.0005848317460239774,173.7085,6.860323008413298,88.068,3.9886495647869764,130.169,5.418771887049864,-155.3215,0.884748528596927,-0.043712754924977046,8.943221816984556e-05,-0.04361873771754309,0.00011919389296783793,-0.04317809226428551,0.00022375207883341703,-0.04040987181586151,0.003856546557379184,-0.02468174634350471,0.00010678415891834547,-0.024670263353768106,0.00012499779893868616,-0.024639896703580244,0.00019314371407640416,-0.024061276826167946,0.0027765225754402124,0.019280194597447804,6.780706928134109e-05,0.019244160379788898,7.58220129183606e-05,0.019146361025876885,0.00010109018299413624,0.01918473559261841,0.00047157430379329406
martingale,0.5,-0.02,0.4,2000,-0.019388512984920083,0.002446294921997779,-0.0192197594487965,0.0013603532712815655,0.019378200544561307,2.3144077358543037e-05,-0.039187746154248804,0.00010151082020233946,0.000589786160890855,0.0013340504748399244,-0.00016875353612359878,0.002012598564573105,806.897,1.8083061635382833,522.3425,1.415771274262023,284.5545,0.7296600007766404,0.4334096910535153,0.0007526599453462448,173.7085,6.860323008413298,88.068,3.9886495647869764,130.169,5.418771887049864,-237.788,1.3430014350056418,-0.04373777977964259,8.1571146810819e-05,-0.043671166203488765,0.00010525807779437916,-0.0434592095640685,0.00020141736797026584,-0.04230491632797121,0.0038180408367460067,-0.02467745671054044,0.00010693743743767728,-0.024635633799810635,0.00012496436025516574,-0.024656844918680292,0.00019251349561535367,-0.023794538548735072,0.00278424038388352,0.019215221244476197,7.907743931496538e-05,0.019177151280763735,8.882582335876287e-05,0.019199808500595276,0.00012262394870955106,0.019983599433669265,0.0005803564928138679
martingale,0.5,0.0,0.0,2000,0.006761289778420324,0.00032796856533187765,0.006619221786223926,0.00021492413108310777,0.019003468462839034,2.577688112231785e-05,-0.01218752746308167,5.4478333832203454e-05,-0.00019671921353344446,0.00021061270387533697,0.00014206799219639878,0.00025795543268663406,690.5585,0.7021921573101582,345.184,0.44591478109163185,345.3745,0.464468503098095,0.0,0.0,130.169,5.418771887049864,126.411,5.448703398411582,178.1385,4.856600039209058,0.1905,0.5797138422915845,,,,,,,,,-0.020659273686877002,6.835665354074758e-05,-0.02066306071884045,8.253278151043081e-05,-0.020838001696116534,0.0001196250922296571,-0.02138594079454289,0.0006089624828287417,0.01892857133372069,5.475250304609554e-05,0.01890964170748329,6.197154491895671e-05,0.018862938800622963,8.524402674531484e-05,0.01918655721242343,0.00039893107683807154
martingale,0.5,0.0,0.1,2000,0.000473839952416586,0.00032569837459817493,0.0005044191169453788,0.00021803363944697372,0.019055708130987933,2.376285651052788e-05,-0.01874770806944457,6.271955571887313e-05,0.00019641905540201097,0.00021378004809015412,-3.057916452879253e-05,0.00023820074078885028,713.5285,0.9171096657131427,356.728,0.5542265705880338,356.8005,0.5534993501715427,0.1157965036486598,0.0003605931607552367,130.169,5.418771887049864,126.411,5.448703398411582,178.1385,4.856600039209058,0.0725,0.6212625092726213,-0.040514583148436485,7.801908694327861e-05,-0.04052032096399924,0.00010761010331997033,-0.040570631994096,0.00018203704859686253,-0.03998225635010145,0.0009977357269780628,-0.02071561156828525,6.895823276193443e-05,-0.020702048915414422,8.132463673287355e-05,-0.020631486229115557,0.00012021675061279217,-0.02094255933055637,0.0006031391205073003,0.018933049364554415,5.755761207236767e-05,0.018952911523801914,6.47250900340991e-05,0.018897476080788796,9.186148039436194e-05,0.01922368210669007,0.000444777882798327
martingale,0.5,0.0,0.2,2000,-0.005409829632111482,0.0003334303917464873,-0.005672136199911353,0.00020862067107980866,0.019104951137108642,2.180795956002571e-05,-0.024868804261853675,6.591614987539843e-05,9.17169248336691e-05,0.00020305666088679106,0.0002623065677998701,0.0002658887970066401,736.347,1.1397163121303775,368.162,0.6721597856080758,368.185,0.67888720080416,0.2239580035627895,0.0005329610186343289,130.169,5.418771887049864,126.411,5.448703398411582,178.1385,4.856600039209058,0.023,0.7255480311273239,-0.04042188069456388,6.036176982055411e-05,-0.04042057450519895,8.007142915191672e-05,-0.04038896297714841,0.00012981369462045195,-0.03935193457782981,0.0007245066987642516,-0.020800058615744868,6.701976133167346e-05,-0.020788442200967042,8.092756882152148e-05,-0.020732706739496055,0.00011993861491357931,-0.020377301323904883,0.0006099773639580644,0.018964366149660152,6.295693281235313e-05,0.01893157808474835,7.144125282353878e-05,0.018849037281229223,9.705122522094566e-05,0.018868907144830756,0.000469899862824875
martingale,0.5,0.0,0.4,2000,-0.016709023043176594,0.0003489774190230049,-0.016799739618286756,0.00021239601151518066,0.019203229839967976,1.8258120530507562e-05,-0.03606804268240376,6.623895839924394e-05,6.507322414901163e-05,0.00020692365358527444,9.071657511016342e-05,0.00027481115430070434,783.718,1.6153254706677824,391.7345,0.9566507174369265,391.9835,0.9602518709707634,0.4225051517954272,0.0006656391201678598,130.169,5.418771887049864,126.411,5.448703398411582,178.1385,4.856600039209058,0.249,1.0321105200329959,-0.04043912554144138,4.7389718326526885e-05,-0.040462944669719836,5.8349845392220624e-05,-0.04055758365539721,9.24110899447386e-05,-0.040917396051611786,0.0005770488726031273,-0.020779365624102535,6.775368377183031e-05,-0.020764584429823617,8.106234950784061e-05,-0.0208022181939917,0.00012195381599029476,-0.02043239368059198,0.0006105576884070126,0.018891421291476758,7.431757599422478e-05,0.018853451099569006,8.475260231455484e-05,0.01888692694180211,0.00011932163813574568,0.019659799480669825,0.0005780398279945819
martingale,0.5,0.02,0.0,2000,0.005811177954180405,0.000919121651918157,0.005608977215121947,0.0005157488092482996,0.019309668748801818,2.862603757791189e-05,-0.01363829830265063,6.512944418302723e-05,-6.239323102927835e-05,0.0005117442535821536,0.00020220073905846317,0.0007735163625517149,694.584,0.7470632662377938,310.8185,0.4170644437615427,383.7655,0.5287135556111111,0.0,0.0,90.0705,3.949867338388776,168.5225,6.906357986463892,126.411,5.448703398411582,72.947,0.5906420443147068,,,,,,,,,-0.024613594889510163,0.000105893054542225,-0.0246288837890557,0.00012449774492108938,-0.02479045607414761,0.00019207976789917535,-0.024362378254058046,0.0027736672023014443,0.019279024440391996,5.993634291856512e-05,0.01925838634560167,6.707465929179195e-05,0.019198953030497172,8.879546932224936e-05,0.01953701031909474,0.0003994096323248035
martingale,0.5,0.02,0.1,2000,-0.0008724226966397952,0.0013408242140382487,-0.0010038199299888407,0.0007397873160574212,0.019330543294909474,2.7284368850401894e-05,-0.020799447789471664,7.919260044346698e-05,0.00046508456457333746,0.0007299920427417374,0.00013139723334905262,0.00111640420986004,722.563,0.9958478156505481,304.3605,0.4816578318770538,418.2025,0.7226246190416035,0.12076648014078004,0.0003959135338930537,90.0705,3.949867338388776,168.5225,6.906357986463892,126.411,5.448703398411582,113.842,0.7187825416432189,-0.043793503912437165,0.00010078664186150468,-0.043803874111943426,0.0001363629640642498,-0.04369674218038892,0.00024971515506450346,-0.04046293423340468,0.0038775958049155467,-0.024670909032516935,0.00010440479143330001,-0.02465796040716613,0.00012183218036435998,-0.024577760085929976,0.00018880368183342317,-0.02348616198529738,0.002763108183226851,0.019280321094617345,6.248500913825059e-05,0.01929609665571239,6.923096300514295e-05,0.019232723138746893,9.434626718335726e-05,0.019570953836753002,0.0004438506478198065
martingale,0.5,0.02,0.2,2000,-0.007212926562402883,0.0017317675027138876,-0.007459820224096928,0.0009610622789255309,0.019356178347793566,2.581084100582699e-05,-0.02738571228468657,9.01527386325007e-05,0.000569713712796081,0.0009442292321509185,0.00024689366169405326,0.0014200522188826488,749.8005,1.2715627337130808,297.3665,0.5580307231855693,452.434,0.947236744813757,0.2322793424798459,0.0006075678432108538,90.0705,3.949867338388776,168.5225,6.906357986463892,126.411,5.448703398411582,155.0675,0.8946729523802875,-0.04377873531557594,8.926659828666158e-05,-0.04373514707976726,0.00011673720887168654,-0.043581477086163035,0.0002216577087040608,-0.03953736022149424,0.0038607882810089895,-0.024739367540683965,0.00010326712420932283,-0.02470746712352802,0.00012190534139826666,-0.024604415783065946,0.00019144916320097354,-0.023293228151369583,0.0027407930580734025,0.019318959516737146,6.690504605624493e-05,0.019282520542982684,7.49296567400779e-05,0.019192178773919828,9.93979699845252e-05,0.019223500511907743,0.00046936370062535844
martingale,0.5,0.02,0.4,2000,-0.018583654630978965,0.002437782583074505,-0.018880266376523673,0.0013542438530207682,0.01940308444411547,2.3092505126507206e-05,-0.03924281396285221,0.00010091155582581751,0.0009594631422130569,0.0013291845162014797,0.0002966117455447175,0.002001238246294126,806.99,1.8345565537411044,284.2535,0.7365689959656929,522.7365,1.4353020866406336,0.43309522430147945,0.0007695017465131516,90.0705,3.949867338388776,168.5225,6.906357986463892,126.411,5.448703398411582,238.483,1.3563385206471485,-0.04383344777985629,8.1131486856419e-05,-0.043837525341081034,0.00010499749216016081,-0.04374653313137826,0.00020053723429859502,-0.04098745137528486,0.003836927789065653,-0.02467810044552458,0.00010402185673886777,-0.02468719977746995,0.00012214473013565552,-0.02467933958782976,0.00019169601978415317,-0.023484997629032663,0.002761295967123574,0.019238491234506803,8.041820784850645e-05,0.019195819971310507,9.039299428848021e-05,0.019218339666934644,0.00012337921754404765,0.020006869423699867,0.0005768764916255821
martingale,0.5,0.05,0.0,2000,-0.0006114184979612593,0.0020076292476492704,-0.000973917212187928,0.0011058794740453459,0.018999492470630572,3.849670089854529e-05,-0.020867240599620047,0.00011138454790855944,0.0008938309168015849,0.0010827167532849468,0.0003624987142266809,0.0016772026761217712,727.592,0.8540119649150759,274.433,0.36683653037832803,453.159,0.7589165544829907,0.0,0.0,0.0,0.0,232.019,8.823625445501483,190.044,7.593920090649597,178.726,0.8316912390776875,,,,,,,,,-0.04158044508667082,0.00018484543071745177,-0.0414842075152286,0.00021370886943545078,-0.04115355538465426,0.0003370592706003644,-0.033859240520841716,0.005744175165888667,0.018953942085647265,7.892520657838739e-05,0.01893617268174211,8.467217169510291e-05,0.018880301016823708,0.00010262452772873827,0.019211927964350006,0.0004022776552582284
martingale,0.5,0.05,0.1,2000,-0.009152118416501459,0.0029057947361675386,-0.00925625252744368,0.0015962181466221911,0.019025190237776393,3.703826543497584e-05,-0.030408254177817905,0.0001400843015311306,0.002126811412597733,0.0015595747502544983,0.00010413411094223823,0.0024114742632425587,783.939,1.2923963338085653,252.646,0.37965696583343883,531.293,1.2215787747220501,0.14631372369802953,0.0005319210700193279,0.0,0.0,232.019,8.823625445501483,190.044,7.593920090649597,278.647,1.2658988685802417,-0.05572422556666754,0.00013401509863287693,-0.05550803514499765,0.00017708856661156487,-0.05460506349659218,0.0003557064740850181,-0.04034433929918227,0.007020904358770881,-0.04157492140511833,0.00018263174628692187,-0.041472723703654124,0.00021139446627915816,-0.04099837754666099,0.00033276207057253025,-0.033700769683898915,0.005715836908864716,0.01896525956305315,8.258900930496333e-05,0.01897975081172375,8.795811916350156e-05,0.018927039796330668,0.00010783266023265866,0.01925589230518881,0.0004454426112739245
martingale,0.5,0.05,0.2,2000,-0.016196432940482456,0.003684514367018852,-0.01643589473555172,0.002034798672940469,0.019055293064249256,3.5501150695375765e-05,-0.038642755844102,0.0001608562248212421,0.0031515680443010463,0.0019863616561488447,0.00023946179506928144,0.003031844699146751,839.977,1.7556011230207094,230.27,0.3993116262863426,609.707,1.7015089308672202,0.2735369087449212,0.0008241369580728047,0.0,0.0,232.019,8.823625445501483,190.044,7.593920090649597,379.437,1.7398360641925814,-0.05565621241509536,0.00012532699600751996,-0.055403482560340035,0.00016554969133515015,-0.05441158617756369,0.0003427498300306043,-0.0399070902828261,0.007013803824777135,-0.04163657778786537,0.00018147052058835547,-0.041542745704361395,0.0002116497276967955,-0.041051133591513383,0.0003353383029554525,-0.03385545654210839,0.005738203789178439,0.01900856182960434,8.751889177211249e-05,0.018971423503005434,9.374723709620691e-05,0.018890812130001402,0.00011336521628803673,0.018913102824774944,0.000471310883516526
martingale,0.5,0.05,0.4,2000,-0.026455495256112675,0.004934890863484735,-0.02687718670643502,0.0027386514302058813,0.01911022938881185,3.2701649413578405e-05,-0.052220014115285755,0.0001775710741928073,0.006232598020039564,0.0026804282263126556,0.000421691450322371,0.004056462494988597,952.9845,2.6970537961755103,186.746,0.44681546977697184,766.2385,2.6706249133093913,0.4825274432381193,0.0010126988752430972,0.0,0.0,232.019,8.823625445501483,190.044,7.593920090649597,579.4925,2.718393607220427,-0.055759965243906966,0.00011956680722912374,-0.05551245059423075,0.00015778157303552784,-0.05452706867913647,0.0003315544366370521,-0.04044141843327229,0.007003852141316925,-0.041600128367275946,0.00018308812327847806,-0.041451678080915856,0.00021224664442805896,-0.04108718509419225,0.0003364125786955254,-0.03407025845937844,0.005718480830372759,0.018912295270461926,0.00010567247857774909,0.018868220675724592,0.00011387777004895937,0.01889823385422351,0.00014155069878362517,0.019680673459654994,0.000578737773520202
martingale,0.5,0.1,0.0,2000,-0.018830824928740678,0.0031243097705923747,-0.019152901563961294,0.0017496202956799652,0.018534799344553064,5.025952392676642e-05,-0.03956596464851499,0.00021996495883902452,0.0018782637400004654,0.0016796554223849809,0.000322076635220633,0.0025735494612048617,788.512,1.171041244704216,247.3205,0.32226513507303556,541.1915,1.130040224651169,0.0,0.0,0.0,0.0,329.1605,11.140344519263259,291.909,10.331093897068936,293.871,1.1791326712580794,,,,,,,,,-0.08129613034831587,0.00033519065573035296,-0.08110174755471257,0.00037573874858022214,-0.08037768300986424,0.0005476690839575881,-0.06785151654740623,0.007800853822135508,0.018448667956102748,0.0001183560855543972,0.018433966314698878,0.00012255723041968865,0.018379461824780403,0.00013579051449417505,0.018706653834805485,0.00041090888902164556
martingale,0.5,0.1,0.1,2000,-0.030991084078986104,0.004272104364267422,-0.031198490450796278,0.0023866196455835475,0.018583802285234746,4.831803344989606e-05,-0.053868868634400796,0.0002657192660525089,0.004086575898370248,0.0022930186722487722,0.00020740637181019793,0.0035080085208345443,890.247,1.8595515484870915,218.1775,0.3102146247869623,672.0695,1.8272824947261892,0.17910292135147834,0.0006204444431571888,0.0,0.0,329.1605,11.140344519263259,291.909,10.331093897068936,453.892,1.8472836534891504,-0.08561615271699495,0.0002306716794786215,-0.08529037614143851,0.00028154388891555595,-0.08388645376089462,0.0004896900372570976,-0.06460294286381728,0.008205560444338794,-0.08134708759116757,0.0003330629651573902,-0.08113647032008373,0.00037428195889169447,-0.08035579075998259,0.0005438487232873421,-0.06723052215224838,0.007790730583825143,0.018466419128515706,0.00012519972037625904,0.018478548005413684,0.00012897039467990132,0.018438967135594637,0.00014235788061830605,0.018757051870651364,0.0004525351573408324
martingale,0.5,0.1,0.2,2000,-0.04028457188279456,0.00517003434453212,-0.04053562461898853,0.002903556786707912,0.018632320023247856,4.640640504494199e-05,-0.06523053876146602,0.0002921942690403245,0.006062594119230869,0.0027927067995179564,0.0002510527361940111,0.00422654119892404,992.6315,2.5562459878991155,188.7105,0.2945873991583337,803.921,2.532088982798275,0.32189206010186105,0.0009030230941131096,0.0,0.0,329.1605,11.140344519263259,291.909,10.331093897068936,615.2105,2.542069856328151,-0.0856150377424275,0.00022480135918148043,-0.08525677139322298,0.00027412644424441347,-0.0839640589142813,0.0004831248412766459,-0.06474765142582631,0.008201284957446542,-0.08135653814794297,0.00032914968787020225,-0.08114408334506999,0.00037046519215976477,-0.08020188441742593,0.0005419151656801374,-0.06711765149049696,0.0077978024927776194,0.01852481413179172,0.00013213564096759442,0.01848629092089666,0.00013639274513316455,0.018415244940005068,0.0001497450390122433,0.018429355126962327,0.00047903580159170897
martingale,0.5,0.1,0.4,2000,-0.05225746551564148,0.006488526186574444,-0.05278774360026891,0.0036637082542813424,0.018712505348024155,4.3305730891178925e-05,-0.08216476792631153,0.00030788600283828755,0.010664518978020352,0.00354063521658976,0.000530278084627462,0.005292382561946103,1196.908,3.9629592214525053,130.4955,0.26037451357354335,1066.4125,3.944688892308689,0.5349941955126826,0.0010271825484389323,0.0,0.0,329.1605,11.140344519263259,291.909,10.331093897068936,935.917,3.943562462792871,-0.08568578488877633,0.00022099053214965218,-0.08532873415215735,0.0002697313929586368,-0.08390992769203674,0.0004770990265870277,-0.06464985429601111,0.008205187576703748,-0.08133814426290861,0.0003312204217020359,-0.08109353403830379,0.00037270879709220796,-0.08024572652315841,0.000544762055623273,-0.06754462440658275,0.007801342360347043,0.018374139900116795,0.00016095799039060163,0.018327431040971225,0.0001670832082169394,0.01836641577371986,0.00018768296319265055,0.019142518089309862,0.0005879639171002575
martingale,0.8,-0.1,0.0,2000,-0.030135662871857833,0.002587848863448863,-0.026567318310869767,0.0013995885758436002,0.01975165059832849,2.0709161782704073e-05,-0.04556727833760887,0.000135854113628081,-0.000751690571589481,0.0013591845753095457,-0.003568344560988082,0.002200715740982729,816.3895,0.6949106743299089,570.37,0.6962675090955422,246.0195,0.33696562553381565,0.0,0.0,56.6355,4.68465861435404,0.0,0.0,49.025,4.253526881655561,-324.3505,0.8448477429273068,,,,,,,,,-0.09061391492552312,0.00017102163578662277,-0.09055021743955247,0.0001991417659891169,-0.0903359079382565,0.0003237954094453131,-0.09872725276071849,0.006361262846266361,0.019776759213624016,0.00011655989624188953,0.01976256030584387,0.00011897113194309847,0.019718225476807433,0.000129147512859753,0.01983517527640872,0.0003480944549868471
martingale,0.8,-0.1,0.1,2000,-0.04704896854245797,0.0035263518459934143,-0.0420773170945072,0.0019055714423743765,0.019761658317823887,1.9755876711248673e-05,-0.06124490390657687,0.00014782658289685477,-0.0005940715057557593,0.001855403917508231,-0.004971651447950803,0.0029810204903906227,937.1365,0.9664582011666625,720.8245,0.9974418755108044,216.312,0.32130584607716317,0.19194320744158505,0.0003620151150857105,56.6355,4.68465861435404,0.0,0.0,49.025,4.253526881655561,-504.5125,1.1234829900311996,-0.09198604093507333,0.0001301476565917358,-0.0918870033245118,0.00016037495716343683,-0.09148711045057425,0.0002979123554323838,-0.09856522127464533,0.006672786195140608,-0.09055487177285146,0.00016887562425820136,-0.09046917177233654,0.00019799693948331518,-0.09016971283874826,0.0003224803170325987,-0.09856455662946473,0.006366029124381202,0.0197269784800975,0.0001263044618793277,0.019731688472916217,0.0001282324595675279,0.01963284266038496,0.0001400475380015427,0.0195627813447206,0.0003743864583586605
martingale,0.8,-0.1,0.2,2000,-0.05976655829148494,0.004258095583033141,-0.05365460386850792,0.0023064434920451655,0.01976797640096303,1.9056670881331207e-05,-0.07333671879918768,0.00015143496215084976,-8.586147028375546e-05,0.002253762800853029,-0.006111954422977061,0.0036009966538749715,1057.8755,1.2751472464484492,871.3375,1.3113224546865208,186.538,0.2931539657309993,0.34038869870766153,0.00045684460525991817,56.6355,4.68465861435404,0.0,0.0,49.025,4.253526881655561,-684.7995,1.4089042392770084,-0.09188378035720911,0.00012208950740992295,-0.09174785279078435,0.00015259796298292105,-0.09123936047816386,0.00029151374313546996,-0.0985222863097389,0.0066694871724405965,-0.09066560562758406,0.00016926025162330844,-0.09062208151080921,0.00019663115600346002,-0.09041110580415743,0.00031921520368178446,-0.09870424378670205,0.006368208176332988,0.019767258823604698,0.00013313677133609708,0.01970504608638712,0.0001363837093441989,0.019689195795246393,0.0001492393073824882,0.019492689215318465,0.0003838606259959782
martingale,0.8,-0.1,0.4,2000,-0.07790415109071652,0.005314959050993986,-0.07013512631134057,0.002892992619471794,0.019781186313391493,1.777089504315803e-05,-0.09067488281755587,0.00015315095033636555,0.0007585701928259676,0.0028350219027786544,-0.007769024779375984,0.004487352462166117,1299.2185,1.9067340391945364,1171.306,1.9608073757466313,127.9125,0.26442462454550825,0.5546408890130242,0.0004764788165183614,56.6355,4.68465861435404,0.0,0.0,49.025,4.253526881655561,-1043.3935,2.0478616158016476,-0.09188020509911306,0.00011822557620678304,-0.09175852776654682,0.00014876023789685863,-0.09132928643307837,0.0002880009480270399,-0.0986664533477492,0.006665846170753129,-0.09059744245232842,0.00016891478695411132,-0.09057281283762915,0.0001954887711636856,-0.09035393521876443,0.0003205775740826112,-0.09872194799658009,0.006363569040643028,0.019665180133376283,0.00016640718009370626,0.019673768172738897,0.00016901026709645068,0.019767616753735662,0.00018358768505300117,0.01953771621137657,0.00048674651057158493
martingale,0.8,-0.05,0.0,2000,-0.006431594379665665,0.0016878863920923534,-0.004270719987835904,0.0008948187951416769,0.019839185088712328,1.5176425282990004e-05,-0.023399623281650163,7.582829274794418e-05,-0.0007102817948985331,0.0008794976727054041,-0.0021608743918297736,0.0014498752562126154,744.526,0.5818560304921743,474.446,0.6174801072434809,270.08,0.40017979951013016,0.0,0.0,37.5395,3.5232656613339794,0.0,0.0,29.882,2.96575654664151,-204.366,0.8627251412441087,,,,,,,,,-0.045919411597986445,0.00010517277564498142,-0.04587470786847787,0.0001238723425997675,-0.045821830156821085,0.00021207807905710476,-0.05285168915267541,0.004757686589072168,0.01986775910040415,7.313775559073968e-05,0.019856113206264403,7.679397800537073e-05,0.019805963690815023,8.98775658535413e-05,0.019926175163188856,0.0003331526869363671
martingale,0.8,-0.05,0.1,2000,-0.017921001255920797,0.0024351210617480647,-0.014590737971972077,0.0012900091028100274,0.019844204911582303,1.454662008471476e-05,-0.03374337946452392,8.329446674568441e-05,-0.0006915634190301781,0.0012701255736091524,-0.0033302632839487343,0.0020722070022691336,814.7585,0.7905640927004803,569.311,0.9377768136268287,245.4475,0.4277769493956133,0.15935521311093961,0.00041242972962171956,37.5395,3.5232656613339794,0.0,0.0,29.882,2.96575654664151,-323.8635,1.2246817368415668,-0.05758479666965444,8.26079446515054e-05,-0.05747725956705937,0.00010391662713721184,-0.05725643537500085,0.00021829903929955827,-0.0626660600607429,0.005821636050133802,-0.04592209840724786,0.00010528249719846331,-0.04584997887884216,0.00012551339199939413,-0.04569888777723085,0.00021314227461101707,-0.052960603186645326,0.004742103800649824,0.01983865272232275,7.945032758052365e-05,0.019837611516749676,8.241517307096018e-05,0.01974407213455233,9.842060527191837e-05,0.019674455586945853,0.0003566997010827607
martingale,0.8,-0.05,0.2,2000,-0.027306768755206306,0.003085954938771004,-0.022953253409939763,0.0016380046328977813,0.019847355619047734,1.4014787704688282e-05,-0.042437279181348854,8.436760343532994e-05,-0.00036332984763753727,0.0016173456080330836,-0.004353515345266565,0.002626862742299128,885.5655,1.0839872550263356,664.8195,1.2994934788315646,220.746,0.4515176365193767,0.2933839056326313,0.0005561906031099514,37.5395,3.5232656613339794,0.0,0.0,29.882,2.96575654664151,-444.0735,1.6155725258149458,-0.05744060633085084,6.672175806743544e-05,-0.05733122048461622,8.64519585699262e-05,-0.05696645675808418,0.00020027205125045937,-0.06322704305882366,0.0058061444673389384,-0.0460417994765229,0.00010579898091640098,-0.046005023491158925,0.00012421110549369353,-0.04596668904851231,0.00021068005745882801,-0.052975165161522925,0.004754133872180409,0.01987698769721228,8.422989620246591e-05,0.019815419692385403,8.853895119061978e-05,0.019800005033599802,0.00010570144024591143,0.019602418088926044,0.00036617657205713285
martingale,0.8,-0.05,0.4,2000,-0.04212385741795785,0.004116084475611097,-0.03625208707971288,0.0021900617086352877,0.019854915738531376,1.2994460475322521e-05,-0.05618373525416638,8.12063708661406e-05,7.673243592142321e-05,0.0021673523317136973,-0.005871770338245008,0.0035055092899664805,1026.325,1.6786280360883319,854.02,2.0232303453920557,172.305,0.5563234089697141,0.5064051103228162,0.0006334382499432284,37.5395,3.5232656613339794,0.0,0.0,29.882,2.96575654664151,-681.715,2.4470638422861204,-0.05745715383187313,5.849739567324095e-05,-0.05738692188317964,7.802302208912741e-05,-0.057104993283323226,0.00019238927865435266,-0.06342073503233993,0.005793088837475929,-0.04600916902467878,0.00010516750032260927,-0.04597961888544083,0.0001229637951103973,-0.045935563534191516,0.00021096783826738392,-0.053072929561646734,0.0047518421349430715,0.01977450973302561,0.00010461784145570991,0.01977447879228735,0.0001088484035616392,0.019867564508039462,0.00012877723337547815,0.01964704581102589,0.0004630103274434547
martingale,0.8,-0.02,0.0,2000,0.004569989149700732,0.0007704094367772782,0.00544804071602818,0.000410524743570918,0.019893084228163396,1.0979017134194011e-05,-0.013789117724848136,5.266209866675177e-05,-0.0006559257872869184,0.00040996572945105125,-0.0008780515663274537,0.0006622853971200915,682.984,0.8330305168005314,378.5895,0.5387050180044841,304.3945,0.4768208404966859,0.0,0.0,26.162,2.6708464179533324,310.507,6.685300449235491,19.0485,2.0546111036565127,-74.195,0.5841083621977986,,,,,,,,,-0.026928985894251148,8.800753082717924e-05,-0.026953330713522655,9.936979597399465e-05,-0.027220265002386942,0.00014809036698673305,-0.03327673115909902,0.0023086707946389576,0.019917543960656873,5.3037585029164206e-05,0.019907503079145492,5.79252848084289e-05,0.019853963983116136,7.346489256600163e-05,0.019975960023441573,0.0003275768277158379
martingale,0.8,-0.02,0.1,2000,-0.003818049712588759,0.001136655530784686,-0.0023115210738599706,0.000602609253654872,0.019897261435444086,1.0366367641207332e-05,-0.02123114720469667,5.665680443141388e-05,-0.000977635304607178,0.0006021248079175793,-0.0015065286387287956,0.0009597470916719948,707.41,1.0580421431059797,415.92,0.625630487391221,291.49,0.6005720551246938,0.11924434711149814,0.0003491386508855482,26.162,2.6708464179533324,310.507,6.685300449235491,19.0485,2.0546111036565127,-124.43,0.6202801171340703,-0.04657983867069369,0.00010892347089618354,-0.04662455115826236,0.00012996576944347197,-0.04687069891012095,0.00020684454019936929,-0.05336158690549493,0.0034249703040260746,-0.027003965874344452,9.047821067485958e-05,-0.027014752475374024,0.00010210630799101113,-0.027067018364971947,0.00015002833373311465,-0.03356591045280442,0.002309771328047693,0.019904862492987004,5.751420651421649e-05,0.0199000551444078,6.15970856640376e-05,0.019808383576224723,8.10046503237813e-05,0.019740665357610113,0.00034952646475316305
martingale,0.8,-0.02,0.2,2000,-0.01131977904312794,0.0014806877572043637,-0.009380978182491739,0.0007765408332846484,0.019899997080086846,9.859855187450077e-06,-0.02815835921274932,5.703510814305939e-05,-0.0011226160498293905,0.0007761212859264314,-0.0019388008606362151,0.0012635785163567343,732.025,1.291492804599455,453.057,0.7160186567809733,278.968,0.7431440772554,0.2297103678993217,0.0005120953577150476,26.162,2.6708464179533324,310.507,6.685300449235491,19.0485,2.0546111036565127,-174.089,0.6796602154784787,-0.0465169058179314,9.386220011100046e-05,-0.04653866884601448,0.0001116428260241887,-0.04655344181370941,0.00018200012734547025,-0.053595578422231054,0.0033970937546086537,-0.02714064081621673,9.12789372719242e-05,-0.027182407125538276,0.0001018230742371625,-0.027298941994430736,0.00014798804680446676,-0.03327911172973318,0.0023128425987173785,0.019939980829301505,6.191991663590654e-05,0.0198785867063628,6.734776584110148e-05,0.019864076149736207,8.789554182721094e-05,0.019665411221015262,0.00035940544047682844
martingale,0.8,-0.02,0.4,2000,-0.025594234184642076,0.0020971777694086514,-0.02290263719715255,0.001098834764615979,0.019905133650799465,9.02397815132736e-06,-0.040742149777525695,5.424423016889124e-05,-0.0020656210704267397,0.0010920300819219043,-0.002691596987489541,0.0017918128852448603,782.3245,1.818303251174461,528.0525,0.9398236569314821,254.272,1.0784832270534008,0.43130386334239984,0.000600618295650942,26.162,2.6708464179533324,310.507,6.685300449235491,19.0485,2.0546111036565127,-273.7805,0.8868835555446654,-0.046524906041591325,8.610425581117296e-05,-0.04657399293426728,0.00010060967123897944,-0.04669971575405131,0.00016568152265553367,-0.054241141439143346,0.0033554047859395606,-0.027087439480436338,9.080949752351194e-05,-0.02709082785311525,0.00010170747769007325,-0.02729707843316334,0.0001477536127673747,-0.033472384174119636,0.0023256829713291646,0.019834804734367845,7.608870869440742e-05,0.019830100774966202,8.211109939097696e-05,0.019922228919520658,0.0001066365528688638,0.01970734081236813,0.0004535605732624678
martingale,0.8,0.0,0.0,2000,0.006964692452729557,0.00027616199412487376,0.006851603286084041,0.00017010958866104352,0.01820323968000611,3.461389007563647e-05,-0.011069912354049846,6.2165298380571e-05,-0.00028172403987223026,0.00016499924816741637,0.0001130891666455145,0.00020350706369935584,675.248,0.8668364613497535,337.5095,0.5167581391349159,337.7385,0.5234391589779807,0.0,0.0,19.0485,2.0546111036565127,436.812,8.847846405821617,323.35,6.54646636445422,0.229,0.5750213946473218,,,,,,,,,-0.019535003813670244,7.784784402754806e-05,-0.019538304936090285,8.481053528997552e-05,-0.019644002203714105,0.00010760273103242324,-0.020220908209231406,0.0005092236404634813,0.018085524126931162,5.9309766369208095e-05,0.01808351879376025,6.415716032597991e-05,0.018055981900453495,7.740116761022156e-05,0.018143940189715865,0.00032672637418582485
martingale,0.8,0.0,0.1,2000,0.0008713501441705771,0.0002697375509899301,0.0008578772886988417,0.00017950819115032985,0.018292350187828096,3.219394016570997e-05,-0.017253938496238252,7.535858691204484e-05,-0.00018053440289102104,0.00017196215346094364,1.34728554717347e-05,0.00019259989936407023,691.3095,1.1672487265659512,350.308,0.5787620847769727,341.0015,0.7361125455491554,0.1087394895751874,0.0004380783416914746,19.0485,2.0546111036565127,436.812,8.847846405821617,323.35,6.54646636445422,-9.3065,0.6254477366740208,-0.04029378588230635,9.161723295842416e-05,-0.040280375249011194,0.00011102576407791943,-0.04037553656025714,0.000162827043682228,-0.0390694160004714,0.0009877754351438105,-0.019530520725563126,7.896982742307146e-05,-0.019509095852582738,8.5433390679103e-05,-0.019501924301156846,0.00010881090497200964,-0.020378638414300845,0.00048708317128300793,0.018075051544462793,6.228344557567507e-05,0.018075180353785185,6.601009272175772e-05,0.018012806902101667,8.320916846303424e-05,0.017910854409085894,0.0003476450468768958
martingale,0.8,0.0,0.2,2000,-0.004639431215570677,0.00029466104116391184,-0.00472532565378933,0.00017800489261740946,0.018389218778401297,2.9654243072708328e-05,-0.023137247614531432,8.439877959831166e-05,2.2703182340772397e-05,0.00016811684182629135,8.589443821865281e-05,0.00023622144107856625,706.892,1.4903745422336188,362.8125,0.646432602387685,344.0795,0.9858869491038039,0.21169020149185547,0.0007065320714745749,19.0485,2.0546111036565127,436.812,8.847846405821617,323.35,6.54646636445422,-18.733,0.7473152584738076,-0.040195032229910804,7.213925275670061e-05,-0.040171851272334025,8.38945507975546e-05,-0.04012153939687621,0.00011706360534790508,-0.0393164172855545,0.0008507527998358281,-0.019689352712411783,7.855930690980212e-05,-0.019684500763932092,8.48855603821981e-05,-0.019633177266238363,0.00010965465183011837,-0.01979225241366072,0.0005148580935736271,0.018114157076987315,6.553182161444562e-05,0.01805938007544811,6.989306624627706e-05,0.018076083576024915,8.961610017364159e-05,0.017839587468701075,0.00035751664491589754
martingale,0.8,0.0,0.4,2000,-0.015681765360614084,0.0003477247451178871,-0.01577464767010198,0.00018236745611039165,0.01857335992973169,2.4622441077223057e-05,-0.034175619170746796,8.451368827779916e-05,-0.00017238842908689141,0.00017255920111170994,9.288230948789456e-05,0.00028897992002616986,739.933,2.17652507134494,388.6735,0.8013710418079282,351.2595,1.5216983481644457,0.4061452828637078,0.0009179028338386277,19.0485,2.0546111036565127,436.812,8.847846405821617,323.35,6.54646636445422,-37.414,1.0854775136852712,-0.04016735262069091,6.270523022874365e-05,-0.040194711676028345,6.963752491805871e-05,-0.0401848281106449,9.138349036972953e-05,-0.04011931018293524,0.0006870637117209143,-0.01964879377301201,7.692260979006052e-05,-0.019621898938491873,8.413126406923443e-05,-0.01965320209536828,0.00010980025079405366,-0.020279284655511497,0.0005070771658414114,0.01800429216884407,7.651308700363564e-05,0.0180040284788992,8.256037480060223e-05,0.018124703697410368,0.00010755886207895933,0.017876828246844348,0.00045038585668149547
martingale,0.8,0.02,0.0,2000,0.008189678736688955,0.0007516423131068448,0.0070138369991300424,0.0004203355935624748,0.017609018441027535,4.638610889088056e-05,-0.0109568736892682,9.105156705679591e-05,0.00036169224737061644,0.0004089161567309739,0.0011758417375589162,0.0006145132484992302,673.2805,1.0033916519877168,304.122,0.47331286749386775,369.1585,0.6857056839617918,0.0,0.0,12.843,1.4643496288174176,569.77,10.82785432413238,436.812,8.847846405821617,65.0365,0.6177701059673522,,,,,,,,,-0.01933274979966198,0.00016128317566418488,-0.019263051379722222,0.00017110961873014743,-0.019164581613716557,0.0002160635012108118,-0.012463859393180024,0.0022845018660683086,0.017512280586170326,6.74512430242741e-05,0.017511059936756394,7.187130604862767e-05,0.017483700562564115,8.334808851419068e-05,0.017570696648955032,0.0003269336084337084
martingale,0.8,0.02,0.1,2000,0.00329138398609426,0.0010754172187190307,0.001709817747612413,0.0006126658560843492,0.017676500312620483,4.434930254093242e-05,-0.01699479065242246,0.00012090378716451634,0.0010281080874143256,0.0005895205468897611,0.001581566238481852,0.0008968960028017586,688.615,1.4314937913722743,298.415,0.506199077688933,390.2,1.0730732701551935,0.1071214536735703,0.0005882024077107057,12.843,1.4643496288174176,569.77,10.82785432413238,436.812,8.847846405821617,91.785,0.8753702211133333,-0.03990831638163813,0.0001255982465910409,-0.03972777938085081,0.00014840988926874575,-0.039243103910826777,0.00023017924039568096,-0.02596692755555316,0.0030232356703122653,-0.019383533740887984,0.00016035332195152996,-0.01930931541378988,0.00017109047474884401,-0.0190511528244922,0.00021497229702124193,-0.01265514395172758,0.0022815523862451063,0.017496940024154025,6.959436160169466e-05,0.01749616166795196,7.295206040566231e-05,0.017438024328271542,8.818220093716533e-05,0.01733274288877713,0.00034660589330761505
martingale,0.8,0.02,0.2,2000,-0.0010486837379851338,0.0013788473662409502,-0.003081321012641369,0.000782395617797609,0.017755590518030433,4.212922781147005e-05,-0.022690042140152782,0.00014592254078609778,0.0018531306094809474,0.0007487157925617493,0.002032637274656242,0.0011489178018964678,703.162,1.9052569065456681,292.2325,0.5538425702953282,410.9295,1.491736036662163,0.2084407018180649,0.00099124089312668,12.843,1.4643496288174176,569.77,10.82785432413238,436.812,8.847846405821617,118.697,1.1975107980956905,-0.03978671508909405,0.00011350234618737984,-0.03960970273849414,0.00013182068395125064,-0.038968560247874276,0.00020342047061238386,-0.02604597422421441,0.00299759715505523,-0.019535921663306706,0.00016014672953182046,-0.019445981570303732,0.00017088552825851488,-0.01916046149573814,0.00021697625357894155,-0.012058790491745072,0.0022514937086793355,0.01754538594870926,7.23103090694453e-05,0.017490246650351465,7.602980760707369e-05,0.017511339332845835,9.435577866835538e-05,0.01727081634042302,0.00035692856136145933
martingale,0.8,0.02,0.4,2000,-0.009179803080590507,0.0019258069899609578,-0.012206600941404543,0.0010943062711924927,0.017916133952455008,3.756511388524629e-05,-0.03338321670230391,0.00016849492762756462,0.0032604818084442434,0.0010498980598948697,0.0030267978608140432,0.0016032639732737033,735.0885,2.8704834386320246,281.003,0.6507558967220807,454.0855,2.3638586058876947,0.3997461764548091,0.0013684259041996485,12.843,1.4643496288174176,569.77,10.82785432413238,436.812,8.847846405821617,173.0825,1.944979773682754,-0.0397946422420891,0.0001070793240779125,-0.03968557776148425,0.00012470970429286622,-0.03910207928514591,0.00019190225804190672,-0.02649551104410516,0.0029757556917163765,-0.01945890090972847,0.00015754467896498576,-0.019359988070508222,0.00016835763083020936,-0.019186800413732462,0.0002160599505913314,-0.01231715137573597,0.0022704317426514536,0.017427855827282106,8.239396187661603e-05,0.017425117182402652,8.823686014293514e-05,0.017548786963819354,0.00011234142852426966,0.01730039190528239,0.00044889594186424864
martingale,0.8,0.05,0.0,2000,0.005772187010520806,0.00161150662314835,0.0032716381743228043,0.0008978423907975162,0.01662618119669761,5.952743043814901e-05,-0.014948552016405674,0.0001604608431663667,0.0015940089940309128,0.0008639309789460162,0.00250054883619801,0.0013434778934219146,687.9225,1.2599196187050183,269.9255,0.3906357293073763,417.997,1.047384839971202,0.0,0.0,0.0,0.0,759.6205,13.067488468229412,635.2715,11.677310421634624,148.0715,0.9548953379445383,,,,,,,,,-0.030233520863146693,0.00031765931509505603,-0.03000091046496456,0.00033666649331144937,-0.02934417023067431,0.00042196459627341615,-0.01132161068043951,0.004713633330996341,0.0165306450011435,8.385755548652447e-05,0.01653042381396392,8.75868429368916e-05,0.016503191457198793,9.675116990633622e-05,0.0165890610639282,0.0003286758515064939
martingale,0.8,0.05,0.1,2000,0.0011491989108659748,0.0023291047201360908,-0.0024158348542893246,0.001309363766071329,0.01668769009166496,5.7882319810450114e-05,-0.022344129021892038,0.00021642128146465487,0.0032406040759375056,0.0012532567092125393,0.003565033765155312,0.0019577044749766173,718.6065,1.9722355806210712,248.4415,0.3943825017084644,470.165,1.7555407569106982,0.12109653391489433,0.0008311215358832556,0.0,0.0,759.6205,13.067488468229412,635.2715,11.677310421634624,221.7235,1.6078583980528554,-0.047893703098927244,0.00022535730488570217,-0.047403452735474604,0.0002584256946135477,-0.0455039120568286,0.00039573802900002815,-0.014092095570092417,0.005647795162820198,-0.030150324998426792,0.00031698991175120556,-0.029969720509405173,0.0003376184378957082,-0.029234633910921817,0.000421904038779678,-0.011425383365897088,0.00471346224540459,0.01651382901118995,8.569438853380475e-05,0.016512363962760915,8.850652926811941e-05,0.016459647967381138,0.0001009565858798666,0.016349631875813054,0.00034731408547515895
martingale,0.8,0.05,0.2,2000,-0.0026230793251153088,0.002965095387411384,-0.007016636003788732,0.0016640019092490081,0.016755863461052664,5.621722575755252e-05,-0.029029275405255035,0.000260318407998268,0.005256775940413542,0.0015912630959998369,0.004393556678673439,0.0024802335136873154,748.5355,2.7215284728419147,226.4345,0.40328981664939983,522.101,2.4885878393613328,0.2314100848487294,0.0013905578767285287,0.0,0.0,759.6205,13.067488468229412,635.2715,11.677310421634624,295.6665,2.303194953183769,-0.04769614876655878,0.00022002146988288218,-0.0471597321091633,0.0002525712463930739,-0.04520541422200879,0.0003876767920296776,-0.014474259894365776,0.005693293022581475,-0.030350619986428306,0.0003168533618173773,-0.030137604122106695,0.00033670031900795823,-0.029350294036127482,0.00042051280032210183,-0.01119882303801374,0.004699937449485071,0.016566500205482303,8.864610248795605e-05,0.01651122282508673,9.152992488803305e-05,0.01653719804077533,0.0001070812770435259,0.016291930597196063,0.0003582112999990973
martingale,0.8,0.05,0.4,2000,-0.008130949318772536,0.003987727289460828,-0.014160295087018389,0.0022445518224641177,0.016898147544491284,5.272602611065354e-05,-0.04079273615828857,0.0003054829277252381,0.00973429352678008,0.0021536377987197916,0.006029345768245874,0.003333510679870015,809.4765,4.21922613265208,183.4425,0.42311092907670445,626.034,3.950462821018586,0.4267832054308375,0.0019024522161372839,0.0,0.0,759.6205,13.067488468229412,635.2715,11.677310421634624,442.5915,3.7105915375657186,-0.04778977794149402,0.00021565895438418502,-0.047285290769393994,0.0002479895660677357,-0.04534985290582855,0.0003813803932172947,-0.014747285021728455,0.005672514696708126,-0.030314498735627693,0.00031456889834705423,-0.030062894578605247,0.00033380207330903496,-0.029424346889454563,0.0004219381712846413,-0.011301689136420115,0.004728056417083432,0.01645133491419246,0.00010058827437534428,0.01644614976991207,0.00010569178032597007,0.016574885235610133,0.000127062309304737,0.016323870992192742,0.0004486030513888034
martingale,0.8,0.1,0.0,2000,-0.0043767561961814165,0.002508171936034622,-0.008179659594447223,0.0014329172512425753,0.015288226058740431,7.105584896827674e-05,-0.026631724800731178,0.0003143995578529006,0.0031638391475430866,0.0013354928519655437,0.0038029033982658216,0.0020779235208339603,727.42,1.735867771018066,245.8625,0.3238637688062261,481.5575,1.6641407780411994,0.0,0.0,0.0,0.0,1019.8445,14.870019784925539,924.3415,14.394640435784172,235.695,1.6538644507064824,,,,,,,,,-0.05844537865180288,0.0005748521231063403,-0.058095994197481356,0.0006033267037506332,-0.056838613881407256,0.0007226473035101386,-0.02840190728558947,0.006430846904383086,0.015155736017039434,0.00011103953963964011,0.015154537070224574,0.00011405805367827821,0.01511540102524696,0.00012092648038053638,0.015214152079824139,0.0003337270236331356
martingale,0.8,0.1,0.1,2000,-0.010797588111522597,0.003438488144176695,-0.01589672104995291,0.00196879052079414,0.015381807554493183,6.964981975560348e-05,-0.03739982787127548,0.0004017213167342374,0.006121299266829878,0.0018354365755711627,0.005099132938430334,0.0028641899275921047,790.3645,2.840667882186061,216.715,0.30954369020878786,573.6495,2.779143329102846,0.14728575518571418,0.0010505677977758552,0.0,0.0,1019.8445,14.870019784925539,924.3415,14.394640435784172,356.9345,2.751275315704774,-0.06966835520862982,0.00038917550042350213,-0.06888611648677834,0.00042940917477347863,-0.06597323441536578,0.0005967811028893962,-0.0252447674743673,0.0067237950824213825,-0.05833485325738698,0.0005754704315996434,-0.057994828816196727,0.0006051234472651328,-0.05668993923565658,0.0007227253389403167,-0.028387738439403204,0.0064367744973560775,0.015121136038993172,0.00011426318493526804,0.015117890355582666,0.00011650215018390733,0.015064157999431291,0.00012593418103622696,0.014956938903616277,0.00035154713527174185
martingale,0.8,0.1,0.2,2000,-0.015503703474152603,0.004181487366810443,-0.02164431858056524,0.0023924636586685802,0.01546985435231378,6.827016530076577e-05,-0.046428994851247574,0.0004601879237482203,0.009314821918370462,0.002235133366031259,0.006140615106412664,0.0034735266588444653,852.8515,3.968815562905535,187.346,0.2904476233522242,665.5055,3.9115406888021855,0.2720790132946328,0.0016721342839504587,0.0,0.0,1019.8445,14.870019784925539,924.3415,14.394640435784172,478.1595,3.8752449976447787,-0.06949090221237585,0.0003877667030066539,-0.06870757639743255,0.00042875665239621477,-0.0658888387928514,0.0005942419110274355,-0.02522005990174752,0.006735092648943801,-0.05849075188770739,0.0005713807801928806,-0.05812127550508422,0.0006001687361059749,-0.05668981692778424,0.0007177868445208441,-0.02831075710907362,0.006418405587430851,0.015160841650898864,0.00011815367105498612,0.01510291869040212,0.00012021856493166087,0.01512446863680028,0.00013275066927936901,0.014886272042612626,0.0003632709693397572
martingale,0.8,0.1,0.4,2000,-0.021306718846210018,0.0052776193513323555,-0.029100815384599632,0.003022074937445458,0.015636856874562365,6.563517106583388e-05,-0.06092724007030731,0.0005137988783413164,0.0161895678111496,0.002842384072691363,0.007794096538389643,0.004386846122915722,978.0565,6.234865429769809,129.134,0.256242760241315,848.9225,6.1708903077651795,0.47490647362775673,0.002130020405887974,0.0,0.0,1019.8445,14.870019784925539,924.3415,14.394640435784172,719.7885,6.116988487642754,-0.06950636378091636,0.00038304883851778725,-0.06874773095251473,0.0004246767801094493,-0.06584527898143361,0.0005904942048839323,-0.02525651999991338,0.00673032525619226,-0.05845911708737959,0.0005718349676090882,-0.05804769863264336,0.0006003350276966544,-0.056724665972621435,0.0007206079007417374,-0.028510755449386967,0.006446765973281108,0.015074537247939848,0.00013752402224182785,0.015065145638618724,0.0001416664773279296,0.015191460052830154,0.00015907673910319867,0.01494707332594013,0.0004521527991229719
